,season,month,holiday,day_of_week,workingday,weather,temp,atemp,humidity,windspeed,count
0,2.0,5.0,0.0,2.0,1.0,2.0,24.0,26.0,76.5833,0.118167,6073.0
1,4.0,12.0,0.0,2.0,1.0,1.0,15.0,19.0,73.375,0.174129,6606.0
2,2.0,6.0,0.0,4.0,1.0,1.0,26.0,28.0,56.9583,0.253733,7363.0
3,4.0,12.0,0.0,0.0,0.0,1.0,0.0,4.0,58.62500000000001,0.169779,2431.0
4,3.0,9.0,0.0,3.0,1.0,3.0,23.0,23.0,91.7083,0.097021,1996.0
5,2.0,5.0,0.0,2.0,1.0,2.0,24.0,26.0,69.7083,0.342667,4451.0
6,4.0,11.0,0.0,4.0,1.0,1.0,7.0,11.0,33.3478,0.347835,5315.0
7,2.0,6.0,0.0,2.0,1.0,1.0,23.0,26.0,50.7083,0.269283,4891.0
8,3.0,9.0,0.0,6.0,0.0,1.0,23.0,26.0,50.1667,0.247521,8714.0
9,3.0,8.0,0.0,3.0,1.0,1.0,30.0,30.0,61.9583,0.169771,7347.0
10,3.0,8.0,0.0,0.0,0.0,2.0,26.0,27.0,84.5833,0.228858,5255.0
11,3.0,8.0,0.0,0.0,0.0,1.0,30.0,30.0,56.1765,0.304659,4334.0
12,2.0,3.0,0.0,5.0,1.0,1.0,2.0,5.0,49.5,0.230725,2210.0
13,2.0,5.0,0.0,4.0,1.0,1.0,22.0,25.0,52.0,0.229475,7384.0
14,4.0,10.0,0.0,0.0,0.0,1.0,12.0,16.0,74.125,0.099513,4381.0
15,3.0,9.0,0.0,0.0,0.0,1.0,23.0,25.0,54.75,0.224496,8227.0
16,1.0,3.0,0.0,6.0,0.0,1.0,6.0,10.0,59.4583,0.220775,2132.0
17,3.0,9.0,0.0,2.0,1.0,1.0,21.0,24.0,52.0,0.092054,7767.0
18,1.0,3.0,0.0,5.0,1.0,2.0,11.0,14.0,40.7083,0.4148,4569.0
19,2.0,4.0,0.0,6.0,0.0,2.0,7.0,11.0,87.75,0.13308299999999998,2455.0
20,4.0,11.0,0.0,3.0,1.0,1.0,7.0,12.0,61.375,0.103246,5146.0
21,4.0,11.0,0.0,0.0,0.0,1.0,6.0,10.0,53.2917,0.179108,5107.0
22,1.0,12.0,1.0,1.0,0.0,1.0,5.0,9.0,50.6957,0.239465,1317.0
23,1.0,1.0,0.0,1.0,1.0,2.0,-4.0,1.0,60.375,0.187192,1501.0
24,4.0,12.0,0.0,3.0,1.0,3.0,11.0,14.0,97.0417,0.266175,705.0
25,1.0,3.0,0.0,1.0,1.0,1.0,14.0,18.0,48.9167,0.207713,5298.0
26,2.0,4.0,0.0,2.0,1.0,2.0,11.0,14.0,64.2083,0.388067,1795.0
27,2.0,5.0,0.0,0.0,0.0,1.0,18.0,22.0,63.1667,0.074637,4333.0
28,3.0,9.0,1.0,1.0,0.0,1.0,30.0,31.0,79.0833,0.151121,6034.0
29,1.0,1.0,0.0,0.0,0.0,2.0,8.0,11.0,69.6087,0.248539,801.0
30,2.0,5.0,0.0,0.0,0.0,1.0,24.0,26.0,57.62500000000001,0.225117,6118.0
31,1.0,1.0,0.0,5.0,1.0,2.0,-2.0,3.0,79.30430000000001,0.1233,1167.0
32,2.0,3.0,0.0,4.0,1.0,3.0,2.0,5.0,91.8333,0.217646,1685.0
33,4.0,11.0,0.0,6.0,0.0,1.0,6.0,9.0,51.91670000000001,0.189062,3926.0
34,1.0,3.0,0.0,2.0,1.0,2.0,5.0,9.0,65.5652,0.184309,2056.0
35,3.0,7.0,1.0,1.0,0.0,2.0,31.0,31.0,63.7917,0.081479,6043.0
36,4.0,12.0,0.0,1.0,1.0,2.0,12.0,16.0,92.5,0.190308,5170.0
37,3.0,6.0,0.0,2.0,1.0,2.0,28.0,29.0,77.0417,0.171025,4835.0
38,1.0,2.0,0.0,3.0,1.0,1.0,10.0,14.0,56.7917,0.234471,4773.0
39,3.0,8.0,0.0,1.0,1.0,1.0,27.0,28.0,71.20830000000002,0.208954,4338.0
40,3.0,8.0,0.0,3.0,1.0,1.0,30.0,31.0,67.75,0.141179,7580.0
41,3.0,7.0,0.0,5.0,1.0,1.0,37.0,36.0,45.0833,0.146142,6207.0
42,3.0,8.0,0.0,4.0,1.0,1.0,30.0,30.0,59.0417,0.07711699999999999,7713.0
43,2.0,4.0,0.0,6.0,0.0,2.0,5.0,9.0,65.375,0.197146,2252.0
44,3.0,9.0,0.0,2.0,1.0,2.0,24.0,25.0,87.25,0.357587,4073.0
45,1.0,1.0,0.0,5.0,1.0,1.0,6.0,10.0,54.2083,0.167908,4098.0
46,4.0,9.0,0.0,0.0,0.0,1.0,18.0,22.0,46.7083,0.223258,7907.0
47,2.0,5.0,0.0,5.0,1.0,1.0,15.0,19.0,59.0,0.228246,4608.0
48,1.0,2.0,0.0,2.0,1.0,1.0,8.0,11.0,39.5833,0.193417,4363.0
49,4.0,12.0,0.0,0.0,0.0,2.0,9.0,14.0,90.5417,0.157975,3228.0
50,1.0,2.0,0.0,3.0,1.0,1.0,7.0,11.0,53.125,0.1816,4169.0
51,4.0,11.0,0.0,6.0,0.0,1.0,7.0,12.0,55.2917,0.212062,4067.0
52,1.0,1.0,0.0,4.0,1.0,2.0,9.0,13.0,80.2917,0.180967,4097.0
53,1.0,1.0,0.0,4.0,1.0,1.0,-5.0,-1.0,47.04170000000001,0.301,1406.0
54,4.0,9.0,0.0,1.0,1.0,1.0,17.0,21.0,49.2917,0.142404,7436.0
55,1.0,3.0,0.0,3.0,1.0,1.0,21.0,24.0,50.7083,0.11506199999999997,6312.0
56,2.0,5.0,0.0,4.0,1.0,1.0,26.0,27.0,71.6667,0.172896,6770.0
57,1.0,12.0,0.0,1.0,1.0,2.0,-1.0,3.0,57.75,0.154846,2729.0
58,3.0,6.0,0.0,5.0,1.0,1.0,34.0,35.0,57.375,0.182842,5823.0
59,3.0,7.0,0.0,6.0,0.0,2.0,29.0,31.0,69.91669999999999,0.143679,6969.0
60,3.0,8.0,0.0,6.0,0.0,2.0,28.0,29.0,85.0,0.375617,1115.0
61,2.0,4.0,0.0,1.0,1.0,1.0,23.0,25.0,77.6667,0.185333,4073.0
62,1.0,3.0,0.0,0.0,0.0,2.0,15.0,18.0,81.0,0.126883,5892.0
63,1.0,12.0,0.0,1.0,1.0,2.0,-0.0,5.0,79.1304,0.07723,920.0
64,4.0,11.0,0.0,0.0,0.0,1.0,7.0,12.0,73.4583,0.092054,3649.0
65,1.0,2.0,0.0,2.0,1.0,2.0,5.0,10.0,50.875,0.141179,3922.0
66,2.0,5.0,0.0,2.0,1.0,2.0,27.0,27.0,74.0833,0.207092,4492.0
67,3.0,8.0,0.0,5.0,1.0,2.0,30.0,31.0,71.5833,0.238813,5786.0
68,1.0,1.0,0.0,6.0,0.0,2.0,-0.0,5.0,49.875,0.15796300000000002,1248.0
69,4.0,11.0,0.0,1.0,1.0,2.0,9.0,13.0,62.3333,0.235067,5499.0
70,2.0,4.0,0.0,0.0,0.0,1.0,16.0,20.0,27.5833,0.232596,5169.0
71,1.0,2.0,0.0,4.0,1.0,2.0,4.0,7.0,69.7391,0.250496,1807.0
72,1.0,3.0,0.0,2.0,1.0,1.0,1.0,5.0,45.6667,0.200875,3956.0
73,3.0,7.0,0.0,4.0,1.0,1.0,34.0,36.0,58.3333,0.178479,4390.0
74,4.0,12.0,0.0,0.0,0.0,1.0,-1.0,5.0,49.0,0.06654199999999999,2743.0
75,1.0,3.0,0.0,5.0,1.0,2.0,12.0,16.0,84.20830000000002,0.113192,4378.0
76,2.0,5.0,0.0,4.0,1.0,1.0,19.0,22.0,74.75,0.189667,4864.0
77,1.0,1.0,1.0,1.0,0.0,1.0,-3.0,1.0,52.25,0.231358,2298.0
78,3.0,6.0,0.0,5.0,1.0,1.0,31.0,30.0,57.3333,0.222025,4991.0
79,3.0,7.0,0.0,1.0,1.0,1.0,31.0,32.0,66.875,0.153617,7105.0
80,3.0,7.0,0.0,1.0,1.0,1.0,33.0,35.0,63.5833,0.282337,4086.0
81,4.0,9.0,0.0,3.0,1.0,2.0,25.0,25.0,84.875,0.14862899999999998,3907.0
82,1.0,2.0,0.0,0.0,0.0,1.0,-7.0,-5.0,46.4583,0.409212,1529.0
83,2.0,6.0,0.0,6.0,0.0,1.0,22.0,25.0,54.9167,0.186562,8120.0
84,2.0,5.0,0.0,3.0,1.0,2.0,11.0,14.0,73.70830000000002,0.328996,2633.0
85,2.0,5.0,0.0,4.0,1.0,2.0,18.0,21.0,82.9583,0.10821300000000003,4575.0
86,4.0,11.0,0.0,4.0,1.0,2.0,8.0,12.0,58.16670000000001,0.157346,5986.0
87,1.0,2.0,1.0,1.0,0.0,2.0,4.0,7.0,60.5,0.307846,1107.0
88,3.0,8.0,0.0,2.0,1.0,1.0,34.0,35.0,57.04169999999999,0.151121,4602.0
89,2.0,4.0,0.0,6.0,0.0,2.0,14.0,17.0,88.79169999999998,0.230725,4036.0
90,4.0,9.0,0.0,5.0,1.0,2.0,23.0,22.0,97.25,0.07836699999999999,2395.0
91,4.0,10.0,0.0,1.0,1.0,2.0,9.0,14.0,76.0833,0.083346,3570.0
92,4.0,9.0,0.0,5.0,1.0,1.0,21.0,23.0,64.75,0.206475,5202.0
93,4.0,12.0,0.0,5.0,1.0,1.0,3.0,9.0,69.58330000000001,0.082717,3620.0
94,3.0,9.0,0.0,3.0,1.0,1.0,27.0,28.0,69.7083,0.1673,4785.0
95,3.0,7.0,0.0,6.0,0.0,1.0,32.0,31.0,44.4583,0.11506199999999997,5119.0
96,2.0,4.0,0.0,6.0,0.0,3.0,12.0,16.0,88.83330000000002,0.340808,795.0
97,4.0,10.0,0.0,5.0,1.0,2.0,6.0,9.0,58.58330000000001,0.229479,3747.0
98,2.0,3.0,0.0,4.0,1.0,1.0,20.0,22.0,83.125,0.117562,6871.0
99,4.0,12.0,0.0,4.0,1.0,2.0,6.0,10.0,66.79169999999999,0.132463,4128.0
100,3.0,7.0,0.0,0.0,0.0,1.0,37.0,39.0,57.375,0.125629,4672.0
101,3.0,8.0,0.0,1.0,1.0,1.0,25.0,27.0,55.45830000000001,0.159825,4634.0
102,3.0,8.0,0.0,5.0,1.0,2.0,28.0,29.0,72.2917,0.139308,4153.0
103,2.0,6.0,0.0,5.0,1.0,1.0,24.0,26.0,35.4167,0.253121,5312.0
104,4.0,11.0,0.0,3.0,1.0,2.0,13.0,16.0,75.79169999999998,0.335825,2566.0
105,3.0,7.0,0.0,1.0,1.0,1.0,32.0,34.0,75.7083,0.090808,3840.0
106,2.0,4.0,0.0,2.0,1.0,1.0,14.0,18.0,39.6667,0.100133,6772.0
107,3.0,9.0,0.0,5.0,1.0,1.0,23.0,25.0,66.875,0.154229,8167.0
108,4.0,10.0,0.0,6.0,0.0,1.0,12.0,16.0,62.91670000000001,0.092667,4308.0
109,2.0,5.0,0.0,2.0,1.0,1.0,34.0,35.0,63.6667,0.111329,3982.0
110,2.0,6.0,0.0,1.0,1.0,1.0,28.0,28.0,60.0,0.121896,4548.0
111,2.0,4.0,0.0,2.0,1.0,1.0,13.0,16.0,43.5,0.249375,5918.0
112,2.0,6.0,0.0,1.0,1.0,1.0,25.0,27.0,49.4583,0.30535,5020.0
113,2.0,6.0,0.0,5.0,1.0,1.0,26.0,27.0,73.5833,0.143029,4844.0
114,2.0,5.0,0.0,4.0,1.0,1.0,30.0,30.0,67.75,0.199642,4677.0
115,3.0,7.0,0.0,2.0,1.0,1.0,34.0,33.0,54.0833,0.200258,4590.0
116,2.0,5.0,0.0,2.0,1.0,2.0,24.0,25.0,79.45830000000002,0.147392,5115.0
117,3.0,7.0,0.0,5.0,1.0,2.0,30.0,31.0,75.79169999999998,0.225129,4040.0
118,4.0,11.0,0.0,1.0,1.0,3.0,13.0,17.0,91.0,0.138054,2765.0
119,3.0,9.0,0.0,1.0,1.0,1.0,22.0,25.0,50.375,0.258713,7525.0
120,4.0,10.0,0.0,0.0,0.0,1.0,18.0,21.0,64.0417,0.278612,6639.0
121,2.0,3.0,0.0,1.0,1.0,2.0,12.0,15.0,73.73910000000002,0.288783,2077.0
122,3.0,8.0,0.0,0.0,0.0,1.0,29.0,30.0,53.04170000000001,0.122512,6544.0
123,4.0,10.0,0.0,5.0,1.0,2.0,20.0,23.0,81.5,0.134954,5424.0
124,3.0,8.0,0.0,4.0,1.0,1.0,30.0,31.0,65.45830000000001,0.233208,3805.0
125,4.0,10.0,0.0,3.0,1.0,2.0,26.0,27.0,79.375,0.06654600000000001,7572.0
126,2.0,4.0,0.0,1.0,1.0,2.0,23.0,25.0,71.6956,0.324474,3348.0
127,4.0,10.0,0.0,2.0,1.0,2.0,19.0,22.0,70.1667,0.110087,4748.0
128,1.0,3.0,0.0,2.0,1.0,1.0,20.0,23.0,80.7917,0.121271,6093.0
129,4.0,11.0,0.0,5.0,1.0,1.0,8.0,13.0,56.875,0.148021,3910.0
130,1.0,2.0,0.0,3.0,1.0,1.0,-1.0,4.0,42.3043,0.094113,1917.0
131,1.0,1.0,0.0,5.0,1.0,2.0,12.0,15.0,74.125,0.342667,3456.0
132,4.0,12.0,0.0,4.0,1.0,1.0,1.0,5.0,50.875,0.174754,5375.0
133,1.0,12.0,0.0,0.0,0.0,1.0,1.0,4.0,48.3333,0.350754,1796.0
134,3.0,9.0,0.0,5.0,1.0,2.0,26.0,25.0,89.79169999999998,0.124379,3544.0
135,2.0,5.0,0.0,1.0,1.0,2.0,21.0,24.0,78.95830000000002,0.212692,2843.0
136,2.0,4.0,0.0,5.0,1.0,1.0,18.0,21.0,69.4583,0.149871,7290.0
137,4.0,9.0,0.0,4.0,1.0,1.0,24.0,25.0,69.91669999999999,0.17288299999999998,4839.0
138,1.0,2.0,0.0,1.0,1.0,1.0,11.0,14.0,37.5833,0.417908,1913.0
139,2.0,4.0,0.0,0.0,0.0,2.0,22.0,24.0,81.08330000000002,0.192175,4191.0
140,1.0,1.0,0.0,2.0,1.0,2.0,-1.0,4.0,61.6957,0.129796,1985.0
141,3.0,7.0,0.0,0.0,0.0,1.0,36.0,35.0,48.0833,0.16481300000000002,4302.0
142,2.0,6.0,0.0,0.0,0.0,2.0,29.0,30.0,66.6667,0.102,4744.0
143,2.0,6.0,0.0,1.0,1.0,1.0,23.0,25.0,48.7083,0.284833,6998.0
144,1.0,2.0,0.0,3.0,1.0,2.0,1.0,5.0,77.5417,0.264308,1526.0
145,2.0,4.0,0.0,3.0,1.0,1.0,22.0,25.0,61.4167,0.241925,3944.0
146,2.0,5.0,0.0,2.0,1.0,2.0,20.0,23.0,83.7917,0.277354,4123.0
147,4.0,11.0,0.0,0.0,0.0,1.0,14.0,18.0,69.8333,0.208954,3071.0
148,3.0,8.0,0.0,4.0,1.0,1.0,30.0,30.0,42.375,0.164796,4792.0
149,1.0,1.0,0.0,6.0,0.0,1.0,-3.0,2.0,65.1739,0.14536500000000002,1098.0
150,4.0,10.0,0.0,6.0,0.0,1.0,17.0,20.0,48.3333,0.258083,5217.0
151,1.0,2.0,0.0,5.0,1.0,2.0,8.0,11.0,71.2174,0.346539,1461.0
152,4.0,10.0,0.0,5.0,1.0,1.0,24.0,26.0,62.74999999999999,0.10635,8156.0
153,4.0,10.0,0.0,3.0,1.0,1.0,14.0,17.0,69.2917,0.101371,7461.0
154,1.0,2.0,0.0,5.0,1.0,1.0,18.0,21.0,51.6667,0.264925,2927.0
155,1.0,12.0,0.0,5.0,1.0,2.0,1.0,5.0,59.0,0.155471,3095.0
156,3.0,6.0,0.0,5.0,1.0,1.0,38.0,39.0,48.875,0.165417,5463.0
157,2.0,4.0,0.0,0.0,0.0,3.0,10.0,14.0,83.54169999999998,0.344546,1027.0
158,3.0,7.0,0.0,0.0,0.0,1.0,36.0,36.0,51.87500000000001,0.16852899999999998,5531.0
159,1.0,3.0,0.0,6.0,0.0,2.0,9.0,13.0,78.91669999999998,0.251871,2077.0
160,1.0,2.0,0.0,6.0,0.0,1.0,7.0,11.0,53.4583,0.190929,4318.0
161,1.0,1.0,0.0,5.0,1.0,2.0,-1.0,3.0,45.0,0.20275,3163.0
162,4.0,10.0,0.0,2.0,1.0,2.0,13.0,17.0,76.16669999999998,0.1903,6392.0
163,4.0,11.0,0.0,6.0,0.0,1.0,6.0,9.0,50.2083,0.224496,3663.0
164,2.0,3.0,0.0,2.0,1.0,1.0,5.0,9.0,29.0,0.187192,5102.0
165,3.0,7.0,0.0,6.0,0.0,3.0,23.0,24.0,86.5417,0.2133,4459.0
166,3.0,8.0,0.0,2.0,1.0,1.0,25.0,27.0,45.5417,0.146763,5895.0
167,3.0,7.0,0.0,3.0,1.0,1.0,30.0,30.0,63.3333,0.15173299999999998,7264.0
168,2.0,4.0,0.0,6.0,0.0,1.0,13.0,16.0,25.4167,0.274871,6857.0
169,1.0,2.0,0.0,3.0,1.0,2.0,7.0,11.0,80.4783,0.179117,1834.0
170,4.0,10.0,0.0,4.0,1.0,2.0,26.0,27.0,72.2917,0.117546,7328.0
171,4.0,10.0,0.0,1.0,1.0,1.0,6.0,11.0,70.3333,0.10635,3669.0
172,4.0,10.0,0.0,6.0,0.0,1.0,20.0,23.0,66.41669999999999,0.268025,7965.0
173,3.0,8.0,0.0,1.0,1.0,1.0,33.0,33.0,59.2083,0.192175,4326.0
174,4.0,9.0,0.0,3.0,1.0,1.0,25.0,27.0,63.0833,0.2444,7733.0
175,4.0,10.0,0.0,1.0,1.0,1.0,14.0,18.0,77.2083,0.118792,4187.0
176,1.0,1.0,0.0,6.0,0.0,1.0,-11.0,-6.0,40.0,0.17197,981.0
177,1.0,2.0,0.0,6.0,0.0,1.0,3.0,5.0,39.5833,0.421642,2732.0
178,4.0,11.0,0.0,2.0,1.0,3.0,11.0,16.0,96.25,0.118792,1607.0
179,3.0,7.0,0.0,2.0,1.0,1.0,34.0,36.0,65.0417,0.1306,4541.0
180,2.0,3.0,0.0,1.0,1.0,1.0,13.0,17.0,47.7917,0.386821,5558.0
181,2.0,5.0,0.0,3.0,1.0,2.0,20.0,22.0,87.0,0.201492,3855.0
182,2.0,6.0,0.0,3.0,1.0,1.0,34.0,34.0,59.2083,0.11381199999999997,6211.0
183,3.0,8.0,0.0,1.0,1.0,1.0,34.0,33.0,55.0833,0.156717,4266.0
184,4.0,12.0,0.0,3.0,1.0,1.0,13.0,16.0,48.5,0.324021,5729.0
185,4.0,11.0,0.0,2.0,1.0,2.0,7.0,9.0,66.29169999999999,0.342046,4094.0
186,4.0,11.0,0.0,5.0,1.0,1.0,7.0,11.0,52.2083,0.266175,5847.0
187,2.0,5.0,0.0,0.0,0.0,1.0,24.0,26.0,53.04170000000001,0.254367,7129.0
188,3.0,8.0,0.0,5.0,1.0,1.0,31.0,4.0,57.0833,0.231354,7148.0
189,3.0,8.0,0.0,6.0,0.0,1.0,29.0,30.0,67.41669999999999,0.104467,5191.0
190,1.0,2.0,0.0,5.0,1.0,2.0,3.0,7.0,54.0,0.116929,3831.0
191,3.0,7.0,0.0,0.0,0.0,2.0,27.0,28.0,76.25,0.093921,7410.0
192,4.0,11.0,0.0,1.0,1.0,1.0,18.0,22.0,58.7083,0.306596,4486.0
193,3.0,7.0,0.0,0.0,0.0,2.0,30.0,31.0,68.25,0.228858,4649.0
194,3.0,9.0,0.0,0.0,0.0,1.0,22.0,24.0,56.99999999999999,0.090183,7333.0
195,3.0,9.0,0.0,5.0,1.0,1.0,25.0,26.0,67.25,0.103863,8009.0
196,2.0,4.0,0.0,1.0,1.0,2.0,14.0,18.0,56.99999999999999,0.171638,5572.0
197,4.0,10.0,0.0,4.0,1.0,1.0,16.0,19.0,62.0833,0.134954,4765.0
198,1.0,1.0,0.0,5.0,1.0,1.0,-4.0,-1.0,45.7083,0.353242,1543.0
199,2.0,6.0,0.0,1.0,1.0,2.0,25.0,27.0,74.625,0.155475,4010.0
200,1.0,2.0,0.0,1.0,1.0,1.0,3.0,8.0,62.2174,0.1538,3784.0
201,4.0,11.0,0.0,1.0,1.0,1.0,5.0,8.0,49.41670000000001,0.236325,5259.0
202,3.0,7.0,0.0,5.0,1.0,2.0,27.0,28.0,84.4167,0.208967,5870.0
203,3.0,6.0,0.0,0.0,0.0,1.0,28.0,29.0,51.3333,0.094533,5305.0
204,4.0,11.0,1.0,4.0,0.0,1.0,9.0,12.0,54.9167,0.167304,1495.0
205,3.0,7.0,0.0,1.0,1.0,1.0,32.0,33.0,65.125,0.215804,4458.0
206,2.0,4.0,0.0,0.0,0.0,1.0,23.0,25.0,50.79169999999999,0.225129,7132.0
207,3.0,9.0,0.0,3.0,1.0,1.0,31.0,34.0,74.125,0.187808,7112.0
208,4.0,9.0,0.0,6.0,0.0,2.0,23.0,25.0,86.25,0.07838300000000001,5423.0
209,2.0,5.0,0.0,1.0,1.0,2.0,19.0,22.0,66.41669999999999,0.230721,6273.0
210,2.0,5.0,0.0,3.0,1.0,1.0,19.0,22.0,63.29169999999999,0.120642,4182.0
211,4.0,12.0,0.0,1.0,1.0,2.0,9.0,14.0,82.70830000000002,0.06220800000000001,3811.0
212,3.0,9.0,0.0,3.0,1.0,1.0,23.0,25.0,57.7083,0.131846,7870.0
213,2.0,5.0,0.0,5.0,1.0,1.0,25.0,26.0,73.54169999999998,0.162938,6296.0
214,3.0,7.0,0.0,4.0,1.0,1.0,34.0,36.0,59.66670000000001,0.28481300000000004,6861.0
215,3.0,8.0,0.0,3.0,1.0,1.0,28.0,29.0,55.2083,0.112562,7697.0
216,3.0,7.0,0.0,3.0,1.0,1.0,32.0,32.0,63.1667,0.146133,4342.0
217,2.0,5.0,0.0,6.0,0.0,1.0,23.0,25.0,62.6667,0.12065,5805.0
218,1.0,2.0,0.0,2.0,1.0,1.0,3.0,8.0,59.4348,0.205717,3777.0
219,2.0,4.0,0.0,6.0,0.0,1.0,21.0,23.0,68.2917,0.283587,6624.0
220,2.0,6.0,0.0,4.0,1.0,1.0,30.0,30.0,30.5,0.292287,4968.0
221,4.0,11.0,0.0,0.0,0.0,1.0,0.0,5.0,46.8333,0.1505,2424.0
222,1.0,1.0,0.0,2.0,1.0,2.0,-4.0,1.0,68.63640000000001,0.122132,1263.0
223,4.0,9.0,0.0,2.0,1.0,2.0,25.0,25.0,88.5417,0.118171,4120.0
224,2.0,4.0,0.0,4.0,1.0,1.0,13.0,16.0,60.29170000000001,0.16231199999999998,3141.0
225,3.0,7.0,0.0,6.0,0.0,1.0,36.0,35.0,46.5833,0.168537,4475.0
226,1.0,12.0,0.0,0.0,0.0,1.0,0.0,5.0,51.5417,0.13308299999999998,1787.0
227,3.0,7.0,0.0,1.0,1.0,1.0,32.0,32.0,69.41669999999999,0.138683,6966.0
228,3.0,7.0,0.0,1.0,1.0,1.0,34.0,33.0,44.7083,0.195267,6227.0
229,4.0,11.0,0.0,2.0,1.0,2.0,9.0,13.0,68.5,0.082725,5634.0
230,2.0,6.0,0.0,6.0,0.0,1.0,25.0,26.0,50.41670000000001,0.166667,7702.0
231,4.0,11.0,1.0,1.0,0.0,1.0,16.0,19.0,74.16669999999998,0.173517,6269.0
232,4.0,11.0,0.0,2.0,1.0,2.0,14.0,17.0,83.08330000000002,0.258092,2914.0
233,1.0,3.0,0.0,4.0,1.0,1.0,11.0,15.0,60.29170000000001,0.209579,2744.0
234,1.0,3.0,0.0,6.0,0.0,1.0,15.0,18.0,37.91670000000001,0.368167,3117.0
235,3.0,9.0,0.0,3.0,1.0,2.0,22.0,24.0,90.0,0.096404,4352.0
236,2.0,5.0,1.0,1.0,0.0,1.0,31.0,31.0,68.5,0.131225,4098.0
237,4.0,11.0,0.0,0.0,0.0,1.0,12.0,16.0,65.9167,0.1275,6852.0
238,2.0,5.0,0.0,2.0,1.0,1.0,31.0,31.0,68.4583,0.2954,5743.0
239,4.0,11.0,0.0,6.0,0.0,1.0,5.0,10.0,54.54170000000001,0.179729,5629.0
240,2.0,4.0,0.0,6.0,0.0,1.0,16.0,20.0,50.29170000000001,0.190917,7460.0
241,3.0,7.0,0.0,3.0,1.0,1.0,35.0,36.0,57.7083,0.137442,5713.0
242,2.0,4.0,0.0,5.0,1.0,1.0,10.0,14.0,37.7083,0.300388,6460.0
243,3.0,9.0,0.0,0.0,0.0,1.0,26.0,27.0,71.375,0.115054,5046.0
244,1.0,1.0,0.0,4.0,1.0,1.0,2.0,7.0,52.41670000000001,0.129987,3272.0
245,4.0,11.0,0.0,5.0,1.0,1.0,2.0,6.0,41.0,0.168533,3392.0
246,2.0,6.0,0.0,3.0,1.0,2.0,33.0,34.0,67.7083,0.207092,3974.0
247,4.0,10.0,0.0,0.0,0.0,1.0,5.0,9.0,62.375,0.176617,3331.0
248,3.0,7.0,0.0,0.0,0.0,1.0,32.0,32.0,57.8333,0.183471,4881.0
249,3.0,8.0,0.0,4.0,1.0,1.0,33.0,33.0,62.0417,0.1561,7286.0
250,4.0,12.0,0.0,4.0,1.0,2.0,12.0,15.0,63.41670000000001,0.268042,3709.0
251,3.0,9.0,0.0,4.0,1.0,1.0,26.0,28.0,63.91670000000001,0.141796,5115.0
252,2.0,3.0,0.0,2.0,1.0,1.0,4.0,7.0,31.4167,0.226996,2425.0
253,4.0,10.0,0.0,4.0,1.0,2.0,20.0,22.0,80.0417,0.124375,7359.0
254,1.0,2.0,0.0,4.0,1.0,1.0,14.0,17.0,55.45830000000001,0.190913,5062.0
255,4.0,10.0,0.0,0.0,0.0,1.0,17.0,21.0,48.6667,0.281717,5041.0
256,4.0,10.0,0.0,3.0,1.0,1.0,17.0,21.0,63.0833,0.187821,7691.0
257,2.0,6.0,0.0,4.0,1.0,2.0,25.0,27.0,68.8333,0.206471,3767.0
258,3.0,8.0,0.0,6.0,0.0,1.0,28.0,28.0,60.3333,0.177867,7865.0
259,4.0,11.0,0.0,4.0,1.0,2.0,5.0,9.0,62.0417,0.15298699999999998,5445.0
260,2.0,6.0,0.0,0.0,0.0,2.0,26.0,28.0,65.25,0.138692,4906.0
261,1.0,12.0,0.0,5.0,1.0,1.0,9.0,13.0,68.625,0.274246,2209.0
262,1.0,1.0,0.0,2.0,1.0,2.0,9.0,12.0,71.6087,0.34913,2935.0
263,4.0,10.0,0.0,5.0,1.0,1.0,17.0,21.0,68.41669999999999,0.022392,4985.0
264,2.0,5.0,0.0,6.0,0.0,1.0,18.0,21.0,54.125,0.16045,4714.0
265,1.0,1.0,0.0,0.0,0.0,1.0,-9.0,-5.0,43.6522,0.2466,986.0
266,3.0,9.0,0.0,6.0,0.0,2.0,27.0,28.0,79.91669999999998,0.281104,5976.0
267,4.0,10.0,0.0,6.0,0.0,2.0,18.0,21.0,72.0,0.235692,7852.0
268,4.0,10.0,1.0,1.0,0.0,1.0,21.0,23.0,73.375,0.042304,5117.0
269,2.0,4.0,1.0,1.0,0.0,1.0,27.0,28.0,56.16670000000001,0.284829,6370.0
270,1.0,1.0,0.0,2.0,1.0,1.0,-6.0,-3.0,44.125,0.365671,2236.0
271,1.0,1.0,0.0,3.0,1.0,3.0,-1.0,2.0,86.25,0.29385,506.0
272,3.0,7.0,0.0,6.0,0.0,1.0,28.0,29.0,58.5,0.208342,5923.0
273,1.0,3.0,0.0,0.0,0.0,2.0,9.0,12.0,94.8261,0.343287,605.0
274,1.0,1.0,0.0,0.0,0.0,1.0,-0.0,4.0,48.375,0.188433,1204.0
275,2.0,4.0,0.0,3.0,1.0,1.0,7.0,10.0,46.9565,0.295274,4862.0
276,4.0,10.0,0.0,2.0,1.0,1.0,15.0,18.0,62.29170000000001,0.166658,4687.0
277,3.0,9.0,0.0,4.0,1.0,1.0,24.0,26.0,63.7083,0.082721,7804.0
278,4.0,12.0,0.0,6.0,0.0,1.0,4.0,9.0,61.29170000000001,0.095783,3614.0
279,1.0,1.0,0.0,4.0,1.0,1.0,-3.0,3.0,68.75,0.113837,431.0
280,3.0,8.0,0.0,6.0,0.0,2.0,29.0,29.0,73.2917,0.206479,6299.0
281,1.0,2.0,0.0,0.0,0.0,1.0,5.0,9.0,45.7391,0.260883,1589.0
282,2.0,5.0,0.0,6.0,0.0,1.0,21.0,23.0,48.0417,0.123133,7429.0
283,2.0,5.0,0.0,3.0,1.0,2.0,26.0,28.0,67.0,0.134329,6855.0
284,4.0,11.0,0.0,5.0,1.0,1.0,4.0,9.0,64.95830000000001,0.058471,5668.0
285,3.0,7.0,0.0,0.0,0.0,1.0,32.0,33.0,71.7917,0.166667,6031.0
286,2.0,3.0,0.0,5.0,1.0,2.0,8.0,13.0,58.0833,0.138067,5459.0
287,1.0,1.0,0.0,1.0,1.0,2.0,-1.0,4.0,91.125,0.110708,2432.0
288,1.0,3.0,0.0,0.0,0.0,1.0,9.0,13.0,52.73909999999999,0.270604,2417.0
289,3.0,6.0,0.0,2.0,1.0,1.0,25.0,26.0,37.3333,0.347642,7442.0
290,2.0,4.0,0.0,0.0,0.0,2.0,12.0,15.0,67.625,0.172267,6041.0
291,4.0,9.0,0.0,2.0,1.0,1.0,20.0,23.0,56.99999999999999,0.236321,7538.0
292,1.0,3.0,0.0,3.0,1.0,1.0,10.0,13.0,51.3333,0.345779,4916.0
293,3.0,9.0,0.0,3.0,1.0,1.0,20.0,23.0,53.6667,0.215175,7591.0
294,4.0,10.0,0.0,1.0,1.0,2.0,20.0,23.0,70.75,0.296037,5875.0
295,3.0,9.0,0.0,4.0,1.0,2.0,25.0,24.0,90.2083,0.128125,4795.0
296,3.0,7.0,0.0,5.0,1.0,1.0,38.0,39.0,54.25,0.174138,3846.0
297,4.0,11.0,0.0,0.0,0.0,1.0,13.0,16.0,45.8333,0.281721,3717.0
298,2.0,5.0,1.0,1.0,0.0,1.0,30.0,32.0,67.625,0.196521,6043.0
299,4.0,11.0,0.0,4.0,1.0,2.0,9.0,13.0,81.3333,0.189067,2933.0
300,2.0,6.0,0.0,1.0,1.0,2.0,21.0,23.0,77.79169999999998,0.174746,5099.0
301,4.0,11.0,0.0,3.0,1.0,3.0,14.0,17.0,93.0,0.136829,1817.0
302,1.0,1.0,0.0,6.0,0.0,2.0,-5.0,-1.0,53.5833,0.266804,959.0
303,1.0,1.0,0.0,0.0,0.0,1.0,3.0,6.0,31.125000000000004,0.24005,3243.0
304,2.0,5.0,0.0,0.0,0.0,1.0,23.0,25.0,74.9583,0.148008,4660.0
305,2.0,3.0,0.0,1.0,1.0,1.0,2.0,5.0,30.2174,0.212204,2028.0
306,2.0,4.0,0.0,1.0,1.0,2.0,5.0,8.0,76.66669999999998,0.303496,3214.0
307,2.0,5.0,0.0,5.0,1.0,1.0,21.0,24.0,52.33330000000001,0.136817,7639.0
308,3.0,8.0,0.0,4.0,1.0,2.0,30.0,31.0,75.75,0.19715,4576.0
309,3.0,8.0,0.0,5.0,1.0,2.0,33.0,35.0,64.25,0.215792,7175.0
310,3.0,7.0,0.0,1.0,1.0,1.0,33.0,35.0,64.5,0.164187,6830.0
311,1.0,2.0,0.0,5.0,1.0,1.0,5.0,8.0,52.6667,0.17849600000000002,4151.0
312,4.0,10.0,0.0,2.0,1.0,2.0,5.0,9.0,82.54549999999998,0.213009,1096.0
313,2.0,5.0,0.0,6.0,0.0,2.0,24.0,26.0,75.66669999999998,0.15299200000000002,6883.0
314,3.0,9.0,0.0,6.0,0.0,1.0,27.0,27.0,75.375,0.153608,5345.0
315,2.0,4.0,0.0,5.0,1.0,1.0,13.0,16.0,40.8333,0.155471,6398.0
316,1.0,12.0,0.0,6.0,0.0,1.0,4.0,8.0,54.25,0.190304,1011.0
317,3.0,9.0,0.0,1.0,1.0,1.0,26.0,27.0,69.2174,0.088913,4713.0
318,4.0,10.0,0.0,2.0,1.0,1.0,16.0,19.0,71.0,0.205854,4456.0
319,3.0,6.0,0.0,2.0,1.0,1.0,32.0,33.0,63.41670000000001,0.144283,4648.0
320,4.0,10.0,0.0,0.0,0.0,1.0,19.0,22.0,72.75,0.06345,5511.0
321,1.0,1.0,0.0,4.0,1.0,2.0,7.0,11.0,76.95830000000002,0.073396,4075.0
322,2.0,5.0,0.0,3.0,1.0,2.0,24.0,26.0,77.45830000000002,0.102,5260.0
323,3.0,8.0,0.0,1.0,1.0,2.0,32.0,34.0,65.4167,0.129354,7013.0
324,2.0,5.0,0.0,2.0,1.0,1.0,19.0,22.0,48.9167,0.115671,4803.0
325,2.0,5.0,0.0,3.0,1.0,1.0,27.0,28.0,69.625,0.15423299999999998,4978.0
326,4.0,10.0,0.0,0.0,0.0,2.0,11.0,15.0,70.8333,0.14116199999999998,3510.0
327,4.0,12.0,0.0,0.0,0.0,2.0,8.0,12.0,83.875,0.100742,3786.0
328,1.0,3.0,0.0,1.0,1.0,1.0,5.0,10.0,49.6957,0.136926,2046.0
329,3.0,8.0,0.0,3.0,1.0,1.0,27.0,29.0,60.5,0.253108,5130.0
330,1.0,2.0,0.0,1.0,1.0,1.0,2.0,8.0,73.83330000000002,0.045408,1712.0
0,1.0,2.0,0.0,4.0,1.0,1.0,2.0,6.0,56.2083,0.194037,3830.0
1,1.0,12.0,0.0,4.0,1.0,2.0,1.0,3.0,65.29169999999999,0.350133,2114.0
2,2.0,6.0,0.0,4.0,1.0,2.0,36.0,37.0,56.8333,0.149883,915.0
3,1.0,2.0,0.0,1.0,1.0,1.0,8.0,12.0,49.0833,0.268033,4322.0
4,2.0,5.0,0.0,0.0,0.0,1.0,28.0,29.0,69.7083,0.215171,6591.0
5,3.0,8.0,0.0,2.0,1.0,1.0,25.0,26.0,54.8333,0.12500799999999998,5204.0
6,4.0,11.0,0.0,4.0,1.0,1.0,3.0,8.0,55.5652,0.115522,5323.0
7,3.0,9.0,1.0,1.0,0.0,2.0,27.0,28.0,79.0417,0.212696,3351.0
8,1.0,12.0,0.0,4.0,1.0,2.0,12.0,16.0,75.75,0.047275,7258.0
9,2.0,6.0,0.0,2.0,1.0,2.0,26.0,27.0,83.3333,0.214546,4972.0
10,2.0,5.0,0.0,0.0,0.0,2.0,13.0,17.0,76.2083,0.106354,3351.0
11,1.0,3.0,0.0,5.0,1.0,2.0,5.0,8.0,64.95649999999999,0.23297,1977.0
12,1.0,1.0,0.0,0.0,0.0,1.0,-6.0,-4.0,43.41670000000001,0.36195,822.0
13,1.0,12.0,0.0,6.0,0.0,1.0,11.0,15.0,61.5833,0.220154,2485.0
14,2.0,6.0,0.0,5.0,1.0,1.0,26.0,27.0,46.79170000000001,0.17538299999999998,7736.0
15,1.0,1.0,0.0,3.0,1.0,2.0,-8.0,-3.0,41.4583,0.1847,2368.0
16,3.0,6.0,0.0,4.0,1.0,1.0,29.0,29.0,43.41670000000001,0.185312,5515.0
17,2.0,5.0,0.0,4.0,1.0,1.0,17.0,20.0,55.2083,0.31406300000000004,6572.0
18,3.0,9.0,0.0,6.0,0.0,2.0,16.0,19.0,71.8333,0.189675,4511.0
19,2.0,5.0,0.0,1.0,1.0,2.0,23.0,25.0,81.125,0.233204,4359.0
20,1.0,3.0,0.0,2.0,1.0,1.0,2.0,6.0,53.5,0.216425,1851.0
21,3.0,6.0,0.0,3.0,1.0,1.0,29.0,29.0,36.0,0.271775,1430.0
22,3.0,8.0,0.0,1.0,1.0,1.0,29.0,29.0,47.0,0.27675,818.0
23,1.0,2.0,0.0,0.0,0.0,2.0,3.0,6.0,51.5833,0.253112,7766.0
24,2.0,6.0,0.0,6.0,0.0,1.0,31.0,32.0,65.45830000000001,0.15485,4966.0
25,1.0,3.0,0.0,6.0,0.0,1.0,3.0,6.0,35.04170000000001,0.22575,4118.0
26,3.0,8.0,0.0,6.0,0.0,1.0,35.0,36.0,61.3333,0.257458,3569.0
27,1.0,2.0,0.0,2.0,1.0,1.0,7.0,12.0,49.625,0.147379,4375.0
28,1.0,2.0,0.0,0.0,0.0,1.0,3.0,6.0,41.0,0.205229,3389.0
29,1.0,2.0,0.0,4.0,1.0,1.0,12.0,16.0,50.5,0.230104,2475.0
30,1.0,12.0,0.0,0.0,0.0,1.0,2.0,7.0,68.13040000000001,0.155091,754.0
31,4.0,12.0,0.0,2.0,1.0,1.0,3.0,8.0,59.0,0.14055,3523.0
32,2.0,4.0,0.0,5.0,1.0,2.0,6.0,9.0,72.9583,0.219521,1683.0
33,1.0,12.0,0.0,6.0,0.0,1.0,2.0,4.0,44.125,0.407346,1749.0
34,3.0,7.0,0.0,4.0,1.0,1.0,37.0,37.0,45.7917,0.194029,6241.0
35,4.0,10.0,0.0,1.0,1.0,1.0,19.0,21.0,57.9583,0.175379,4570.0
36,1.0,1.0,0.0,1.0,1.0,1.0,-9.0,-4.0,49.1739,0.15833,1416.0
37,4.0,11.0,1.0,5.0,0.0,1.0,5.0,8.0,44.625,0.314675,8872.0
38,3.0,7.0,0.0,4.0,1.0,1.0,34.0,34.0,60.0417,0.165429,6591.0
39,1.0,1.0,0.0,6.0,0.0,1.0,5.0,10.0,54.3333,0.210829,4023.0
40,2.0,5.0,0.0,0.0,0.0,2.0,20.0,23.0,86.70830000000002,0.152979,4553.0
41,2.0,5.0,0.0,3.0,1.0,1.0,25.0,27.0,69.7917,0.122512,2180.0
42,3.0,7.0,0.0,6.0,0.0,1.0,39.0,40.0,49.2083,0.163554,4840.0
43,2.0,5.0,0.0,2.0,1.0,2.0,22.0,24.0,68.58330000000001,0.296029,360.0
44,3.0,6.0,0.0,6.0,0.0,1.0,29.0,30.0,48.3333,0.209571,5202.0
45,2.0,5.0,0.0,3.0,1.0,2.0,21.0,24.0,74.4167,0.216412,4717.0
46,2.0,5.0,0.0,4.0,1.0,1.0,28.0,29.0,49.2917,0.195279,7338.0
47,4.0,11.0,0.0,1.0,1.0,1.0,10.0,14.0,75.875,0.057225,4035.0
48,4.0,11.0,0.0,6.0,0.0,1.0,3.0,5.0,40.4583,0.376871,2277.0
49,3.0,8.0,0.0,5.0,1.0,1.0,30.0,30.0,63.0833,0.184696,4866.0
50,2.0,4.0,0.0,2.0,1.0,2.0,17.0,20.0,73.9167,0.274879,2034.0
51,4.0,10.0,0.0,3.0,1.0,1.0,22.0,24.0,63.625,0.072779,7693.0
52,4.0,12.0,0.0,1.0,1.0,1.0,2.0,7.0,63.74999999999999,0.172896,3403.0
53,1.0,2.0,0.0,0.0,0.0,1.0,3.0,6.0,40.7826,0.223235,1812.0
54,4.0,10.0,0.0,5.0,1.0,1.0,12.0,16.0,57.4167,0.221396,4304.0
55,1.0,2.0,0.0,0.0,0.0,2.0,2.0,6.0,68.7917,0.175996,2947.0
56,1.0,2.0,0.0,6.0,0.0,1.0,3.0,7.0,53.7917,0.186571,1969.0
57,3.0,8.0,0.0,2.0,1.0,1.0,26.0,27.0,67.375,0.072771,7006.0
58,3.0,7.0,0.0,3.0,1.0,1.0,34.0,33.0,40.29170000000001,0.183463,4656.0
59,1.0,1.0,0.0,4.0,1.0,2.0,1.0,5.0,53.8333,0.195904,1927.0
60,1.0,1.0,0.0,1.0,1.0,2.0,-1.0,5.0,70.1667,0.0989,2376.0
61,1.0,3.0,0.0,3.0,1.0,1.0,6.0,9.0,44.9583,0.307833,2134.0
62,3.0,7.0,0.0,4.0,1.0,1.0,28.0,29.0,47.625,0.240667,5084.0
63,2.0,3.0,0.0,3.0,1.0,2.0,7.0,10.0,83.9565,0.234261,2121.0
64,1.0,2.0,0.0,5.0,1.0,1.0,7.0,11.0,63.4583,0.205846,4154.0
65,2.0,5.0,0.0,6.0,0.0,1.0,23.0,25.0,45.625,0.083975,8294.0
66,3.0,7.0,0.0,4.0,1.0,1.0,32.0,32.0,65.125,0.1592,4592.0
67,4.0,12.0,0.0,3.0,1.0,2.0,4.0,8.0,53.8333,0.162937,5319.0
68,1.0,3.0,0.0,4.0,1.0,1.0,-3.0,2.0,31.8333,0.225754,1685.0
69,2.0,4.0,0.0,2.0,1.0,2.0,17.0,20.0,66.5833,0.157971,3204.0
70,3.0,8.0,0.0,4.0,1.0,1.0,32.0,34.0,65.95830000000001,0.129354,7261.0
71,2.0,6.0,0.0,2.0,1.0,1.0,28.0,30.0,69.0,0.148017,6825.0
72,4.0,11.0,0.0,3.0,1.0,2.0,4.0,6.0,54.75,0.304108,5035.0
73,1.0,1.0,0.0,2.0,1.0,1.0,-2.0,2.0,59.0435,0.160296,1562.0
74,4.0,10.0,0.0,5.0,1.0,2.0,19.0,22.0,80.7083,0.132467,7444.0
75,4.0,9.0,0.0,5.0,1.0,2.0,24.0,26.0,69.0,0.164179,3919.0
76,3.0,8.0,0.0,4.0,1.0,1.0,29.0,29.0,63.5833,0.084596,7765.0
77,3.0,6.0,0.0,3.0,1.0,1.0,31.0,33.0,70.75,0.172262,4507.0
78,1.0,3.0,0.0,1.0,1.0,1.0,1.0,4.0,55.1304,0.341352,7124.0
79,4.0,12.0,0.0,1.0,1.0,1.0,0.0,6.0,67.08330000000001,0.06345,3310.0
80,4.0,10.0,0.0,3.0,1.0,1.0,19.0,22.0,64.79169999999999,0.17725,4826.0
81,1.0,1.0,0.0,3.0,1.0,1.0,4.0,6.0,44.3333,0.415429,3376.0
82,4.0,10.0,0.0,4.0,1.0,1.0,12.0,16.0,46.3333,0.181596,7570.0
83,1.0,2.0,0.0,0.0,0.0,1.0,7.0,11.0,68.0,0.125248,2402.0
84,4.0,12.0,0.0,3.0,1.0,1.0,6.0,11.0,62.5417,0.184092,5267.0
85,3.0,9.0,0.0,4.0,1.0,2.0,21.0,24.0,70.9167,0.271146,3659.0
86,2.0,4.0,1.0,5.0,0.0,1.0,13.0,17.0,67.125,0.226375,3126.0
87,3.0,8.0,0.0,6.0,0.0,2.0,28.0,30.0,72.9583,0.211454,10045.0
88,3.0,9.0,0.0,2.0,1.0,1.0,31.0,32.0,75.5,0.236321,6864.0
89,3.0,8.0,0.0,3.0,1.0,2.0,31.0,32.0,65.75,0.13558299999999998,3574.0
90,1.0,2.0,0.0,6.0,0.0,2.0,-0.0,4.0,92.9167,0.161079,1005.0
91,3.0,8.0,0.0,3.0,1.0,1.0,26.0,28.0,59.79170000000001,0.083333,5058.0
92,4.0,11.0,0.0,6.0,0.0,2.0,7.0,9.0,49.125,0.270529,5138.0
93,2.0,6.0,0.0,6.0,0.0,1.0,25.0,26.0,45.625,0.123142,5342.0
94,1.0,2.0,0.0,4.0,1.0,2.0,5.0,10.0,75.2917,0.091425,3005.0
95,1.0,2.0,0.0,5.0,1.0,1.0,-3.0,2.0,50.6364,0.10855,1746.0
96,1.0,1.0,1.0,1.0,0.0,2.0,-4.0,0.0,53.75,0.194017,1000.0
97,3.0,6.0,0.0,0.0,0.0,1.0,32.0,31.0,47.9167,0.145525,6891.0
98,3.0,7.0,0.0,2.0,1.0,1.0,32.0,33.0,59.0417,0.12625799999999998,4665.0
99,1.0,12.0,0.0,6.0,0.0,2.0,1.0,4.0,75.2917,0.124383,1341.0
100,4.0,12.0,0.0,5.0,1.0,2.0,9.0,12.0,50.0417,0.260575,7557.0
101,1.0,1.0,0.0,6.0,0.0,2.0,7.0,12.0,80.58330000000002,0.160446,985.0
102,2.0,4.0,0.0,3.0,1.0,2.0,14.0,18.0,56.9167,0.16791199999999998,4367.0
103,4.0,12.0,0.0,6.0,0.0,1.0,5.0,10.0,65.0417,0.10635,5047.0
104,1.0,3.0,0.0,4.0,1.0,1.0,20.0,23.0,57.9583,0.149883,6192.0
105,1.0,3.0,0.0,3.0,1.0,2.0,8.0,12.0,77.65220000000002,0.203117,2192.0
106,4.0,12.0,0.0,2.0,1.0,3.0,14.0,18.0,94.9583,0.232583,2594.0
107,1.0,2.0,0.0,6.0,0.0,3.0,-1.0,2.0,73.125,0.289796,2169.0
108,1.0,3.0,0.0,2.0,1.0,1.0,3.0,8.0,42.0833,0.12065,2133.0
109,1.0,12.0,0.0,3.0,1.0,1.0,4.0,7.0,50.39130000000001,0.29396100000000003,2302.0
110,2.0,4.0,0.0,4.0,1.0,2.0,24.0,25.0,70.08330000000001,0.320908,4058.0
111,4.0,10.0,0.0,5.0,1.0,2.0,20.0,22.0,71.625,0.223883,3644.0
112,4.0,11.0,1.0,4.0,0.0,1.0,6.0,11.0,58.0417,0.052871,8223.0
113,4.0,12.0,0.0,3.0,1.0,2.0,5.0,10.0,66.375,0.06095800000000001,3740.0
114,2.0,5.0,0.0,0.0,0.0,1.0,27.0,28.0,81.875,0.213938,4788.0
115,1.0,1.0,0.0,2.0,1.0,1.0,10.0,13.0,41.6667,0.261817,4509.0
116,3.0,6.0,0.0,6.0,0.0,1.0,31.0,30.0,53.4583,0.179721,7458.0
117,3.0,7.0,0.0,5.0,1.0,1.0,27.0,28.0,59.12500000000001,0.182833,5538.0
118,1.0,3.0,0.0,6.0,0.0,2.0,11.0,15.0,62.125,0.161079,4066.0
119,3.0,8.0,0.0,2.0,1.0,2.0,31.0,33.0,70.375,0.116908,7273.0
120,2.0,3.0,0.0,6.0,0.0,1.0,2.0,5.0,39.4167,0.209571,2496.0
121,1.0,2.0,0.0,4.0,1.0,2.0,10.0,14.0,67.29169999999999,0.187187,3761.0
122,3.0,7.0,0.0,0.0,0.0,1.0,30.0,31.0,62.375,0.170396,6597.0
123,2.0,3.0,0.0,0.0,0.0,2.0,1.0,5.0,49.3913,0.1843,1693.0
124,4.0,10.0,0.0,0.0,0.0,2.0,7.0,11.0,79.1667,0.222013,2918.0
125,4.0,12.0,0.0,4.0,1.0,1.0,2.0,5.0,57.99999999999999,0.240058,7938.0
126,1.0,1.0,0.0,5.0,1.0,1.0,-5.0,1.0,53.7826,0.126548,6079.0
127,1.0,3.0,0.0,1.0,1.0,1.0,0.0,4.0,50.625,0.228858,8859.0
128,4.0,10.0,1.0,1.0,0.0,2.0,9.0,13.0,70.9583,0.189679,5478.0
129,3.0,8.0,0.0,5.0,1.0,1.0,30.0,30.0,41.5,0.125621,4905.0
130,2.0,4.0,0.0,0.0,0.0,1.0,9.0,13.0,48.0,0.182213,3249.0
131,2.0,3.0,0.0,5.0,1.0,2.0,23.0,25.0,69.41669999999999,0.1163,8362.0
132,3.0,7.0,0.0,2.0,1.0,1.0,32.0,34.0,65.5,0.211454,7592.0
133,4.0,9.0,0.0,1.0,1.0,2.0,26.0,26.0,84.8333,0.1107,4630.0
134,3.0,8.0,0.0,0.0,0.0,1.0,32.0,34.0,75.2917,0.201487,3785.0
135,1.0,3.0,0.0,2.0,1.0,1.0,21.0,23.0,61.75000000000001,0.23695,5847.0
136,4.0,10.0,0.0,6.0,0.0,3.0,1.0,3.0,88.25,0.351371,627.0
137,3.0,9.0,0.0,4.0,1.0,2.0,29.0,30.0,81.0417,0.142421,6203.0
138,2.0,5.0,0.0,5.0,1.0,2.0,17.0,20.0,86.33330000000002,0.179725,9696.0
139,4.0,12.0,0.0,6.0,0.0,1.0,2.0,6.0,50.74999999999999,0.233221,3190.0
140,4.0,12.0,0.0,6.0,0.0,2.0,1.0,5.0,56.0833,0.243167,2739.0
141,4.0,11.0,0.0,1.0,1.0,1.0,5.0,10.0,53.54170000000001,0.04665,5087.0
142,4.0,11.0,0.0,2.0,1.0,1.0,3.0,7.0,56.7083,0.173513,5686.0
143,4.0,12.0,0.0,5.0,1.0,1.0,3.0,8.0,64.29169999999999,0.13122899999999998,5611.0
144,1.0,2.0,0.0,4.0,1.0,1.0,-6.0,-2.0,43.7391,0.221935,1538.0
145,1.0,3.0,0.0,4.0,1.0,1.0,18.0,22.0,56.75,0.441563,2060.0
146,1.0,3.0,0.0,4.0,1.0,3.0,10.0,13.0,0.0,0.261877,623.0
147,1.0,3.0,0.0,5.0,1.0,1.0,19.0,22.0,52.5217,0.231017,3239.0
148,4.0,10.0,0.0,0.0,0.0,2.0,15.0,18.0,69.4583,0.398008,4459.0
149,1.0,3.0,0.0,6.0,0.0,2.0,17.0,21.0,75.5833,0.110704,7836.0
150,2.0,5.0,0.0,5.0,1.0,1.0,19.0,22.0,71.9583,0.125013,4917.0
151,4.0,10.0,0.0,5.0,1.0,1.0,13.0,16.0,53.91669999999999,0.235092,7282.0
152,3.0,7.0,0.0,3.0,1.0,1.0,31.0,30.0,45.0,0.1648,8173.0
153,2.0,4.0,0.0,5.0,1.0,1.0,17.0,20.0,45.7083,0.240063,4595.0
154,4.0,10.0,0.0,2.0,1.0,1.0,19.0,22.0,64.16669999999999,0.094546,7466.0
155,1.0,3.0,0.0,5.0,1.0,2.0,7.0,12.0,65.7083,0.144904,3194.0
156,1.0,2.0,0.0,5.0,1.0,2.0,-2.0,3.0,58.5217,0.127839,1708.0
157,3.0,7.0,0.0,4.0,1.0,2.0,36.0,41.0,69.125,0.222021,3784.0
158,2.0,6.0,0.0,4.0,1.0,1.0,23.0,25.0,56.7083,0.15735,7494.0
159,1.0,12.0,1.0,2.0,0.0,2.0,3.0,8.0,73.47829999999998,0.168726,1013.0
160,4.0,11.0,0.0,6.0,0.0,1.0,10.0,14.0,64.5417,0.057846,2816.0
161,3.0,7.0,0.0,1.0,1.0,2.0,30.0,30.0,68.3333,0.180975,6569.0
162,2.0,4.0,0.0,6.0,0.0,1.0,15.0,18.0,50.3333,0.235075,5312.0
163,2.0,3.0,0.0,4.0,1.0,2.0,3.0,6.0,80.58330000000002,0.243787,7352.0
164,4.0,12.0,0.0,4.0,1.0,1.0,5.0,8.0,52.4583,0.220158,3727.0
165,1.0,1.0,0.0,3.0,1.0,2.0,2.0,7.0,84.75,0.131221,2177.0
166,3.0,7.0,0.0,5.0,1.0,1.0,31.0,30.0,39.625,0.102608,5362.0
167,2.0,4.0,0.0,1.0,1.0,1.0,17.0,21.0,54.25,0.16356700000000002,3429.0
168,1.0,1.0,0.0,2.0,1.0,2.0,-1.0,4.0,86.16669999999998,0.146775,683.0
169,1.0,1.0,0.0,4.0,1.0,1.0,-3.0,1.0,49.75,0.220158,7999.0
170,4.0,11.0,0.0,2.0,1.0,2.0,18.0,21.0,68.875,0.199633,4195.0
171,1.0,2.0,0.0,1.0,1.0,1.0,-1.0,3.0,41.125,0.167283,3422.0
172,3.0,7.0,0.0,5.0,1.0,1.0,38.0,42.0,58.0417,0.1331,3387.0
173,2.0,4.0,0.0,4.0,1.0,1.0,10.0,13.0,46.625,0.290429,5409.0
174,4.0,12.0,0.0,2.0,1.0,2.0,9.0,14.0,59.5417,0.061571,3750.0
175,1.0,1.0,0.0,0.0,0.0,2.0,-5.0,-1.0,79.625,0.199638,1977.0
176,1.0,2.0,0.0,2.0,1.0,1.0,2.0,5.0,31.434800000000006,0.291374,1815.0
177,4.0,10.0,0.0,4.0,1.0,2.0,18.0,21.0,72.8333,0.236937,7509.0
178,3.0,7.0,0.0,6.0,0.0,1.0,31.0,31.0,60.9167,0.16791199999999998,5336.0
179,1.0,1.0,0.0,0.0,0.0,1.0,-4.0,-1.0,41.9167,0.251258,2311.0
180,1.0,1.0,0.0,3.0,1.0,1.0,-4.0,-1.0,59.9545,0.304627,1162.0
181,2.0,3.0,0.0,3.0,1.0,2.0,4.0,8.0,64.6667,0.172888,1536.0
182,2.0,6.0,0.0,0.0,0.0,1.0,23.0,25.0,49.3333,0.184087,7641.0
183,2.0,6.0,0.0,2.0,1.0,2.0,19.0,22.0,61.3333,0.209575,7001.0
184,2.0,5.0,0.0,6.0,0.0,1.0,26.0,28.0,72.9583,0.230092,4758.0
185,2.0,4.0,0.0,2.0,1.0,1.0,23.0,27.0,39.0417,0.273629,6691.0
186,4.0,9.0,0.0,4.0,1.0,2.0,26.0,27.0,69.08330000000001,0.13434200000000002,7393.0
187,4.0,11.0,0.0,1.0,1.0,1.0,17.0,20.0,74.3043,0.142122,3867.0
188,4.0,10.0,0.0,6.0,0.0,2.0,11.0,15.0,75.375,0.292296,2429.0
189,3.0,8.0,0.0,5.0,1.0,2.0,29.0,30.0,61.5,0.072146,7582.0
190,3.0,8.0,0.0,1.0,1.0,1.0,29.0,30.0,73.04169999999998,0.128733,6917.0
191,4.0,11.0,0.0,5.0,1.0,1.0,7.0,11.0,52.4583,0.171025,5698.0
192,3.0,6.0,0.0,4.0,1.0,2.0,31.0,33.0,70.3333,0.238804,4790.0
193,2.0,5.0,0.0,1.0,1.0,2.0,20.0,23.0,73.0,0.183454,4401.0
194,1.0,2.0,0.0,6.0,0.0,1.0,10.0,14.0,18.7917,0.507463,1635.0
195,1.0,2.0,0.0,2.0,1.0,2.0,-3.0,4.0,82.9565,0.053213,1360.0
196,3.0,8.0,0.0,3.0,1.0,2.0,32.0,34.0,67.29169999999999,0.1107,7534.0
197,3.0,9.0,0.0,6.0,0.0,1.0,27.0,29.0,71.6667,0.185325,4484.0
198,1.0,1.0,1.0,1.0,0.0,1.0,2.0,5.0,38.1304,0.329665,6801.0
199,1.0,2.0,0.0,3.0,1.0,2.0,1.0,6.0,72.2917,0.133721,2802.0
200,2.0,4.0,0.0,4.0,1.0,1.0,12.0,16.0,37.41670000000001,0.219529,6457.0
201,4.0,10.0,0.0,1.0,1.0,3.0,13.0,17.0,88.0,0.3582,22.0
202,1.0,1.0,0.0,5.0,1.0,1.0,2.0,5.0,50.74999999999999,0.378108,8961.0
203,2.0,4.0,0.0,3.0,1.0,2.0,24.0,25.0,83.54169999999998,0.3122,3872.0
204,2.0,3.0,0.0,0.0,0.0,2.0,13.0,17.0,88.0833,0.220775,4996.0
205,3.0,6.0,0.0,4.0,1.0,1.0,36.0,36.0,56.7917,0.118787,5905.0
206,2.0,6.0,0.0,5.0,1.0,1.0,25.0,27.0,58.9583,0.176617,7665.0
207,2.0,4.0,0.0,3.0,1.0,1.0,10.0,13.0,47.0833,0.263063,2808.0
208,3.0,8.0,0.0,5.0,1.0,1.0,33.0,32.0,58.75,0.168533,7350.0
209,4.0,12.0,0.0,5.0,1.0,1.0,5.0,10.0,62.5833,0.100754,3940.0
210,4.0,10.0,0.0,4.0,1.0,2.0,15.0,18.0,81.2917,0.197763,2659.0
211,2.0,6.0,0.0,1.0,1.0,2.0,30.0,31.0,58.79170000000001,0.207713,6664.0
212,3.0,9.0,0.0,2.0,1.0,2.0,20.0,23.0,88.125,0.134954,3641.0
213,4.0,11.0,0.0,6.0,0.0,1.0,9.0,13.0,68.1667,0.06842100000000001,3068.0
214,1.0,3.0,0.0,5.0,1.0,2.0,1.0,5.0,61.0417,0.203346,1944.0
215,1.0,1.0,0.0,1.0,1.0,1.0,2.0,6.0,40.0833,0.215792,3624.0
216,4.0,10.0,0.0,6.0,0.0,1.0,10.0,14.0,49.4583,0.146142,7109.0
217,2.0,5.0,0.0,3.0,1.0,1.0,21.0,23.0,79.7083,0.138058,6169.0
218,1.0,3.0,0.0,0.0,0.0,1.0,8.0,12.0,47.6957,0.222587,4911.0
219,3.0,6.0,0.0,1.0,1.0,1.0,30.0,30.0,50.41670000000001,0.300383,6779.0
220,4.0,10.0,0.0,4.0,1.0,2.0,22.0,24.0,89.6667,0.141787,2913.0
221,2.0,5.0,0.0,1.0,1.0,1.0,21.0,24.0,78.79169999999998,0.126871,3958.0
222,1.0,3.0,0.0,1.0,1.0,1.0,19.0,23.0,72.875,0.16231700000000002,6153.0
223,4.0,10.0,0.0,2.0,1.0,3.0,22.0,23.0,87.16669999999998,0.104475,4639.0
224,4.0,11.0,0.0,3.0,1.0,1.0,10.0,15.0,75.83330000000002,0.062196,4109.0
225,4.0,10.0,0.0,0.0,0.0,1.0,14.0,18.0,51.0,0.166054,6824.0
226,1.0,1.0,0.0,6.0,0.0,2.0,-4.0,0.0,83.125,0.222642,1301.0
227,2.0,6.0,0.0,5.0,1.0,2.0,26.0,27.0,75.5417,0.237563,4127.0
228,4.0,10.0,0.0,3.0,1.0,2.0,16.0,19.0,72.04169999999998,0.148642,3894.0
229,2.0,4.0,0.0,5.0,1.0,2.0,4.0,7.0,68.625,0.258708,2227.0
230,3.0,9.0,0.0,2.0,1.0,3.0,19.0,21.0,88.6957,0.343943,2710.0
231,3.0,8.0,0.0,4.0,1.0,1.0,30.0,30.0,51.91670000000001,0.141796,7605.0
232,1.0,1.0,0.0,0.0,0.0,1.0,-1.0,5.0,72.2174,0.07398300000000001,1096.0
233,4.0,10.0,0.0,3.0,1.0,2.0,8.0,12.0,66.6667,0.166667,5566.0
234,3.0,9.0,0.0,2.0,1.0,1.0,26.0,27.0,71.25,0.141804,4763.0
235,1.0,12.0,0.0,5.0,1.0,2.0,6.0,8.0,55.66670000000001,0.374383,8420.0
236,3.0,7.0,0.0,2.0,1.0,1.0,37.0,37.0,50.5833,0.114429,6786.0
237,4.0,11.0,0.0,3.0,1.0,1.0,5.0,9.0,61.3333,0.271158,3613.0
238,4.0,11.0,0.0,2.0,1.0,1.0,11.0,15.0,72.1667,0.069038,4205.0
239,4.0,12.0,0.0,6.0,0.0,2.0,4.0,9.0,80.6667,0.059703999999999986,5191.0
240,2.0,4.0,0.0,0.0,0.0,1.0,14.0,17.0,58.7083,0.116908,2358.0
241,3.0,7.0,0.0,5.0,1.0,2.0,31.0,31.0,48.5833,0.08085,7499.0
242,1.0,12.0,0.0,5.0,1.0,1.0,5.0,9.0,63.6667,0.13433699999999998,2999.0
243,2.0,6.0,0.0,5.0,1.0,1.0,33.0,33.0,60.5,0.14055399999999998,4586.0
244,3.0,8.0,0.0,0.0,0.0,2.0,25.0,27.0,71.1667,0.08645,4549.0
245,3.0,7.0,0.0,4.0,1.0,1.0,30.0,30.0,52.9583,0.146775,7446.0
246,4.0,11.0,0.0,3.0,1.0,1.0,4.0,7.0,50.625,0.210821,5260.0
247,3.0,8.0,0.0,2.0,1.0,1.0,31.0,31.0,62.0,0.190925,2779.0
248,2.0,4.0,0.0,4.0,1.0,1.0,14.0,18.0,54.04170000000001,0.1107,3267.0
249,4.0,11.0,0.0,3.0,1.0,1.0,9.0,14.0,71.875,0.082092,4186.0
250,2.0,5.0,0.0,5.0,1.0,1.0,28.0,29.0,65.375,0.240679,4679.0
251,1.0,2.0,0.0,3.0,1.0,1.0,15.0,18.0,50.79169999999999,0.189067,4579.0
252,4.0,12.0,0.0,2.0,1.0,1.0,11.0,15.0,66.625,0.221404,5557.0
253,2.0,6.0,0.0,6.0,0.0,1.0,30.0,30.0,43.7083,0.144287,7498.0
254,2.0,6.0,0.0,3.0,1.0,1.0,24.0,26.0,47.1667,0.16791199999999998,5180.0
255,2.0,4.0,0.0,1.0,1.0,1.0,16.0,19.0,31.75,0.358196,5585.0
256,2.0,3.0,0.0,2.0,1.0,1.0,13.0,17.0,62.4583,0.22575,2703.0
257,2.0,3.0,0.0,3.0,1.0,2.0,18.0,21.0,82.125,0.089558,1346.0
258,1.0,1.0,0.0,1.0,1.0,1.0,-5.0,-1.0,48.2917,0.223267,1321.0
259,4.0,12.0,0.0,5.0,1.0,2.0,5.0,9.0,76.4167,0.1306,5008.0
260,4.0,11.0,0.0,4.0,1.0,2.0,7.0,9.0,57.5833,0.305362,3053.0
261,3.0,7.0,0.0,6.0,0.0,1.0,33.0,33.0,61.3333,0.15735,6685.0
262,3.0,6.0,0.0,3.0,1.0,1.0,31.0,30.0,49.7917,0.261821,5225.0
263,2.0,6.0,0.0,3.0,1.0,1.0,26.0,28.0,58.2083,0.343279,7421.0
264,4.0,10.0,0.0,1.0,1.0,2.0,18.0,21.0,64.9167,0.090804,6778.0
265,3.0,8.0,0.0,0.0,0.0,1.0,33.0,35.0,65.25,0.290421,5464.0
266,1.0,1.0,0.0,4.0,1.0,1.0,-2.0,4.0,51.8261,0.08956499999999999,1606.0
267,3.0,7.0,0.0,0.0,0.0,1.0,30.0,31.0,60.4167,0.245033,5302.0
268,3.0,7.0,0.0,5.0,1.0,1.0,34.0,35.0,59.4583,0.15299200000000002,6904.0
269,2.0,4.0,0.0,3.0,1.0,1.0,19.0,23.0,46.9583,0.180975,2204.0
270,3.0,9.0,0.0,1.0,1.0,2.0,20.0,22.0,69.0,0.15174200000000002,4539.0
271,4.0,11.0,0.0,2.0,1.0,1.0,10.0,14.0,68.375,0.135571,4068.0
272,3.0,8.0,0.0,1.0,1.0,1.0,30.0,31.0,54.54170000000001,0.136212,6883.0
273,1.0,3.0,0.0,4.0,1.0,1.0,16.0,19.0,61.5417,0.226987,4990.0
274,1.0,2.0,0.0,2.0,1.0,1.0,-1.0,1.0,53.7917,0.36195,1530.0
275,3.0,9.0,0.0,1.0,1.0,2.0,22.0,24.0,73.4583,0.15174200000000002,6869.0
276,4.0,11.0,0.0,5.0,1.0,2.0,10.0,14.0,62.25000000000001,0.271779,4046.0
277,3.0,8.0,0.0,1.0,1.0,2.0,25.0,27.0,73.4167,0.12997899999999998,2250.0
278,2.0,6.0,0.0,0.0,0.0,1.0,29.0,30.0,74.7917,0.16356700000000002,4460.0
279,1.0,3.0,0.0,3.0,1.0,2.0,4.0,7.0,77.5417,0.22015,1891.0
280,2.0,5.0,0.0,4.0,1.0,1.0,14.0,17.0,44.41670000000001,0.295392,4433.0
281,1.0,2.0,0.0,3.0,1.0,2.0,-7.0,-2.0,49.4783,0.188839,1605.0
282,1.0,1.0,0.0,3.0,1.0,1.0,-1.0,3.0,43.6957,0.1869,1600.0
283,1.0,2.0,0.0,4.0,1.0,1.0,-3.0,0.0,43.7826,0.277752,1550.0
284,2.0,4.0,0.0,2.0,1.0,1.0,11.0,15.0,45.4167,0.249383,5633.0
285,4.0,10.0,0.0,6.0,0.0,1.0,18.0,21.0,70.125,0.045404,5409.0
286,2.0,4.0,0.0,0.0,0.0,2.0,12.0,16.0,85.75,0.146767,2895.0
287,2.0,6.0,0.0,0.0,0.0,1.0,22.0,25.0,59.875,0.144904,6978.0
288,3.0,7.0,1.0,3.0,0.0,1.0,35.0,35.0,53.87499999999999,0.13495,7403.0
289,3.0,8.0,0.0,4.0,1.0,2.0,28.0,30.0,77.1667,0.210833,3542.0
290,1.0,2.0,0.0,6.0,0.0,2.0,2.0,6.0,77.95830000000002,0.121896,7389.0
291,1.0,1.0,0.0,2.0,1.0,1.0,7.0,11.0,83.58330000000002,0.123767,4339.0
292,4.0,10.0,0.0,2.0,1.0,1.0,15.0,18.0,55.8333,0.182221,7534.0
293,2.0,5.0,0.0,6.0,0.0,1.0,29.0,29.0,73.25,0.198992,6536.0
294,1.0,1.0,0.0,6.0,0.0,1.0,10.0,14.0,53.1667,0.174758,4521.0
295,2.0,3.0,0.0,4.0,1.0,1.0,16.0,19.0,43.91670000000001,0.31965,6133.0
296,3.0,7.0,0.0,3.0,1.0,1.0,30.0,32.0,74.33330000000002,0.149883,4629.0
297,2.0,3.0,0.0,6.0,0.0,2.0,12.0,16.0,73.83330000000002,0.25061700000000003,6235.0
298,4.0,10.0,0.0,1.0,1.0,1.0,16.0,19.0,56.8333,0.081483,7058.0
299,3.0,9.0,0.0,0.0,0.0,1.0,17.0,20.0,69.5,0.178483,4274.0
300,2.0,4.0,0.0,6.0,0.0,2.0,9.0,13.0,48.9583,0.129975,4220.0
301,4.0,12.0,0.0,6.0,0.0,2.0,9.0,14.0,91.125,0.101379,5582.0
302,2.0,5.0,0.0,0.0,0.0,2.0,20.0,23.0,74.0,0.14987899999999998,6359.0
303,3.0,7.0,0.0,3.0,1.0,1.0,33.0,36.0,70.70830000000002,0.113817,4332.0
304,4.0,11.0,0.0,2.0,1.0,2.0,3.0,7.0,78.6667,0.237562,3959.0
305,1.0,3.0,0.0,0.0,0.0,1.0,6.0,10.0,47.375,0.207721,2471.0
306,3.0,9.0,0.0,6.0,0.0,1.0,26.0,27.0,64.6667,0.283583,8395.0
307,1.0,2.0,0.0,6.0,0.0,1.0,-1.0,4.0,54.4167,0.203367,1472.0
308,2.0,5.0,0.0,6.0,0.0,2.0,18.0,21.0,92.25,0.13495,3409.0
309,1.0,1.0,0.0,0.0,0.0,1.0,6.0,10.0,46.5,0.191542,3425.0
310,4.0,10.0,0.0,6.0,0.0,1.0,16.0,19.0,57.2917,0.117537,8090.0
311,3.0,9.0,0.0,4.0,1.0,3.0,25.0,24.0,93.9565,0.192748,1842.0
312,4.0,9.0,0.0,0.0,0.0,1.0,18.0,22.0,58.3333,0.134958,6889.0
313,1.0,2.0,1.0,1.0,0.0,1.0,3.0,6.0,50.7826,0.229083,3129.0
314,4.0,11.0,0.0,0.0,0.0,2.0,14.0,18.0,68.4583,0.18595,3520.0
315,3.0,7.0,0.0,2.0,1.0,1.0,35.0,36.0,55.9167,0.200254,4258.0
316,2.0,5.0,0.0,4.0,1.0,2.0,20.0,23.0,76.83330000000002,0.133696,6421.0
317,4.0,11.0,0.0,0.0,0.0,1.0,7.0,10.0,69.2917,0.227612,4669.0
318,2.0,5.0,0.0,2.0,1.0,2.0,24.0,25.0,65.95830000000001,0.156096,5740.0
319,3.0,6.0,0.0,6.0,0.0,1.0,33.0,32.0,60.12499999999999,0.161071,5687.0
320,2.0,3.0,0.0,6.0,0.0,2.0,17.0,20.0,88.5417,0.192783,3372.0
321,2.0,4.0,0.0,4.0,1.0,2.0,16.0,19.0,75.66669999999998,0.176625,5026.0
322,2.0,6.0,0.0,2.0,1.0,1.0,30.0,30.0,59.79170000000001,0.187808,4833.0
323,2.0,6.0,0.0,3.0,1.0,1.0,20.0,23.0,61.12499999999999,0.077125,7055.0
324,3.0,9.0,0.0,6.0,0.0,2.0,32.0,33.0,63.8333,0.113187,6140.0
325,4.0,12.0,0.0,1.0,1.0,1.0,14.0,18.0,76.75,0.082721,6234.0
326,2.0,3.0,0.0,3.0,1.0,1.0,16.0,19.0,48.125,0.291671,5698.0
327,4.0,11.0,0.0,4.0,1.0,1.0,11.0,15.0,70.20830000000001,0.136817,8839.0
328,3.0,9.0,0.0,4.0,1.0,1.0,19.0,23.0,61.8333,0.118167,7720.0
329,2.0,4.0,0.0,3.0,1.0,2.0,11.0,15.0,81.91669999999998,0.25061700000000003,2162.0
330,1.0,2.0,0.0,2.0,1.0,1.0,-4.0,1.0,57.7778,0.195683,1450.0
331,2.0,5.0,0.0,5.0,1.0,1.0,28.0,29.0,74.7083,0.14055,6734.0
332,1.0,1.0,0.0,2.0,1.0,1.0,4.0,9.0,64.65220000000001,0.187552,3598.0
333,1.0,1.0,0.0,6.0,0.0,1.0,-4.0,1.0,45.75,0.187183,2493.0
334,2.0,4.0,0.0,5.0,1.0,2.0,6.0,9.0,83.625,0.226992,1471.0
335,3.0,7.0,0.0,2.0,1.0,1.0,30.0,31.0,70.41669999999998,0.165425,7216.0
336,2.0,5.0,0.0,1.0,1.0,1.0,19.0,22.0,58.875,0.17600000000000002,4362.0
337,3.0,6.0,0.0,1.0,1.0,2.0,28.0,29.0,65.8333,0.10758800000000003,4708.0
338,2.0,4.0,0.0,4.0,1.0,1.0,14.0,18.0,40.7083,0.325258,4189.0
339,3.0,6.0,0.0,4.0,1.0,1.0,32.0,32.0,42.25,0.17165,2264.0
340,2.0,4.0,0.0,3.0,1.0,1.0,15.0,19.0,42.7917,0.118792,6196.0
341,1.0,12.0,0.0,3.0,1.0,2.0,12.0,16.0,85.83330000000002,0.2214,8509.0
342,2.0,6.0,0.0,0.0,0.0,1.0,31.0,31.0,53.8333,0.133721,6598.0
343,2.0,5.0,0.0,1.0,1.0,2.0,25.0,26.0,81.0,0.233842,4274.0
344,4.0,9.0,0.0,6.0,0.0,1.0,19.0,22.0,54.2917,0.227604,5259.0
345,1.0,1.0,0.0,5.0,1.0,2.0,-3.0,2.0,49.86960000000001,0.168726,1510.0
346,4.0,9.0,0.0,0.0,0.0,2.0,25.0,25.0,84.5,0.050379,5010.0
347,3.0,8.0,0.0,6.0,0.0,2.0,27.0,28.0,71.2917,0.244408,6053.0
348,3.0,8.0,0.0,5.0,1.0,1.0,29.0,31.0,76.125,0.083962,4661.0
349,2.0,4.0,0.0,1.0,1.0,1.0,12.0,16.0,50.43479999999999,0.312139,5936.0
350,1.0,2.0,0.0,1.0,1.0,2.0,11.0,14.0,87.6364,0.289686,1446.0
351,3.0,8.0,0.0,0.0,0.0,1.0,30.0,32.0,77.0,0.248754,3873.0
352,4.0,12.0,0.0,4.0,1.0,1.0,4.0,8.0,48.5833,0.174129,5532.0
353,3.0,8.0,0.0,3.0,1.0,1.0,27.0,28.0,67.7083,0.070283,7375.0
354,3.0,7.0,0.0,6.0,0.0,1.0,38.0,40.0,50.0,0.131221,3285.0
355,4.0,11.0,0.0,3.0,1.0,1.0,3.0,7.0,55.2083,0.199625,5495.0
356,4.0,10.0,0.0,3.0,1.0,3.0,19.0,22.0,90.625,0.24815,2416.0
357,1.0,2.0,0.0,5.0,1.0,2.0,11.0,15.0,73.75,0.237567,3487.0
358,1.0,1.0,0.0,1.0,1.0,1.0,-3.0,1.0,43.7273,0.248309,1349.0
359,4.0,12.0,0.0,1.0,1.0,2.0,10.0,14.0,90.7083,0.098258,4585.0
360,1.0,1.0,0.0,3.0,1.0,1.0,4.0,8.0,64.375,0.161071,4270.0
361,3.0,8.0,0.0,6.0,0.0,2.0,30.0,32.0,75.5,0.22825,4294.0
362,1.0,12.0,0.0,2.0,1.0,2.0,5.0,10.0,76.25,0.18845,1162.0
363,1.0,2.0,0.0,3.0,1.0,1.0,5.0,9.0,42.3478,0.251791,2115.0
364,4.0,12.0,0.0,0.0,0.0,2.0,7.0,12.0,82.3333,0.124379,4649.0
365,3.0,8.0,0.0,0.0,0.0,2.0,28.0,28.0,81.75,0.222633,8730.0
366,1.0,1.0,0.0,3.0,1.0,2.0,3.0,8.0,74.1739,0.208317,1650.0
367,2.0,6.0,0.0,6.0,0.0,1.0,29.0,30.0,67.0417,0.119408,5119.0
368,3.0,8.0,0.0,3.0,1.0,1.0,31.0,31.0,57.5417,0.14366700000000002,4694.0
369,4.0,10.0,0.0,4.0,1.0,1.0,15.0,18.0,63.625,0.422275,4195.0
370,3.0,8.0,0.0,2.0,1.0,1.0,29.0,30.0,57.8333,0.236329,4725.0
371,3.0,9.0,0.0,0.0,0.0,2.0,29.0,30.0,81.5,0.064071,5810.0
372,3.0,7.0,0.0,2.0,1.0,1.0,34.0,33.0,49.2083,0.126237,6660.0
373,4.0,11.0,0.0,5.0,1.0,1.0,9.0,13.0,64.375,0.098896,2792.0
374,4.0,10.0,0.0,2.0,1.0,2.0,21.0,23.0,80.875,0.143042,4563.0
375,4.0,11.0,0.0,5.0,1.0,1.0,8.0,11.0,54.0833,0.214558,5992.0
376,4.0,12.0,0.0,2.0,1.0,2.0,7.0,10.0,59.66670000000001,0.296037,5501.0
377,3.0,7.0,0.0,2.0,1.0,2.0,30.0,31.0,66.75,0.15173699999999998,6290.0
378,2.0,4.0,0.0,5.0,1.0,1.0,14.0,18.0,40.0833,0.347633,6233.0
379,2.0,4.0,0.0,1.0,1.0,1.0,21.0,23.0,42.625,0.385571,3115.0
380,3.0,8.0,0.0,2.0,1.0,1.0,34.0,34.0,49.125,0.20585,4845.0
381,3.0,9.0,0.0,5.0,1.0,2.0,15.0,18.0,59.0417,0.164183,4760.0
382,4.0,12.0,0.0,0.0,0.0,1.0,6.0,11.0,77.5833,0.083958,3485.0
383,4.0,10.0,0.0,3.0,1.0,3.0,19.0,21.0,89.52170000000002,0.243339,2424.0
384,3.0,9.0,0.0,5.0,1.0,1.0,29.0,30.0,73.625,0.171646,7504.0
385,2.0,4.0,0.0,0.0,0.0,1.0,14.0,17.0,47.9583,0.303496,3744.0
386,2.0,4.0,0.0,2.0,1.0,1.0,25.0,26.0,72.9167,0.3265,4400.0
387,2.0,6.0,0.0,3.0,1.0,1.0,34.0,35.0,62.2083,0.136817,4401.0
388,1.0,12.0,0.0,3.0,1.0,3.0,0.0,3.0,82.3333,0.316546,441.0
389,3.0,8.0,0.0,2.0,1.0,1.0,31.0,32.0,68.6667,0.169158,6784.0
390,1.0,2.0,0.0,0.0,0.0,1.0,3.0,7.0,56.8333,0.1418,1623.0
391,2.0,5.0,0.0,5.0,1.0,1.0,19.0,22.0,36.0417,0.236937,7030.0
392,1.0,12.0,0.0,4.0,1.0,1.0,1.0,6.0,57.4167,0.119412,2423.0
393,1.0,3.0,0.0,0.0,0.0,1.0,6.0,8.0,40.3333,0.334571,3423.0
394,3.0,7.0,0.0,0.0,0.0,1.0,37.0,39.0,55.0833,0.16917100000000002,3606.0
395,3.0,9.0,0.0,5.0,1.0,2.0,26.0,27.0,72.70830000000002,0.139929,4727.0
396,3.0,8.0,0.0,3.0,1.0,1.0,33.0,32.0,42.4167,0.200258,4780.0
397,3.0,9.0,0.0,0.0,0.0,1.0,30.0,31.0,74.20830000000002,0.206467,4940.0
398,1.0,1.0,0.0,0.0,0.0,1.0,8.0,13.0,69.25,0.192167,2294.0
399,2.0,4.0,0.0,4.0,1.0,1.0,16.0,20.0,61.25000000000001,0.065929,6565.0
