,fixed acidity,volatile acidity,citric acid,residual sugar,chlorides,free sulfur dioxide,total sulfur dioxide,density,pH,sulphates,alcohol,quality,red
0,8.9,0.59,0.5,2,0.337,27,81,0.9964,3.04,1.61,9.5,6,1
1,7.7,0.69,0.22,1.9,0.084,18,94,0.9961,3.31,0.48,9.5,5,1
2,8.8,0.685,0.26,1.6,0.088,16,23,0.99694,3.32,0.47,9.4,5,1
3,11.4,0.46,0.5,2.7,0.122,4,17,1.0006,3.13,0.7,10.2,5,1
4,8.8,0.24,0.54,2.5,0.083,25,57,0.9983,3.39,0.54,9.2,5,1
5,6.3,0.3,0.48,1.8,0.069,18,61,0.9959,3.44,0.78,10.3,6,1
6,5.8,0.29,0.26,1.7,0.063,3,11,0.9915,3.39,0.54,13.5,6,1
7,8.8,0.6,0.29,2.2,0.098,5,15,0.9988,3.36,0.49,9.1,5,1
8,7.2,0.57,0.05,2.3,0.081,16,36,0.99564,3.38,0.6,10.3,6,1
9,8.4,0.34,0.42,2.1,0.072,23,36,0.99392,3.11,0.78,12.4,6,1
10,7.7,0.53,0.06,1.7,0.074,9,39,0.99615,3.35,0.48,9.8,6,1
11,7.3,0.43,0.24,2.5,0.078,27,67,0.99648,3.6,0.59,11.1,6,1
12,8.9,0.59,0.39,2.3,0.095,5,22,0.9986,3.37,0.58,10.3,5,1
13,11.4,0.36,0.69,2.1,0.09,6,21,1,3.17,0.62,9.2,6,1
14,9.6,0.77,0.12,2.9,0.082,30,74,0.99865,3.3,0.64,10.4,6,1
15,6.2,0.64,0.09,2.5,0.081,15,26,0.99538,3.57,0.63,12,5,1
16,7.4,0.67,0.12,1.6,0.186,5,21,0.996,3.39,0.54,9.5,5,1
17,6.6,0.5,0,1.8,0.062,21,28,0.99352,3.44,0.55,12.3,6,1
18,7.6,0.42,0.25,3.9,0.104,28,90,0.99784,3.15,0.57,9.1,5,1
19,7.6,0.36,0.31,1.7,0.079,26,65,0.99716,3.46,0.62,9.5,6,1
20,10,0.49,0.2,11,0.071,13,50,1.0015,3.16,0.69,9.2,6,1
21,10.5,0.42,0.66,2.95,0.116,12,29,0.997,3.24,0.75,11.7,7,1
22,9.3,0.37,0.44,1.6,0.038,21,42,0.99526,3.24,0.81,10.8,7,1
23,7.2,0.36,0.46,2.1,0.074,24,44,0.99534,3.4,0.85,11,7,1
24,8.2,0.57,0.26,2.2,0.06,28,65,0.9959,3.3,0.43,10.1,5,1
25,5.6,0.54,0.04,1.7,0.049,5,13,0.9942,3.72,0.58,11.4,5,1
26,7.4,0.64,0.17,5.4,0.168,52,98,0.99736,3.28,0.5,9.5,5,1
27,6.2,0.43,0.22,1.8,0.078,21,56,0.99633,3.52,0.6,9.5,6,1
28,7.1,0.34,0.28,2,0.082,31,68,0.99694,3.45,0.48,9.4,5,1
29,8,0.43,0.36,2.3,0.075,10,48,0.9976,3.34,0.46,9.4,5,1
30,8.4,0.52,0.22,2.7,0.084,4,18,0.99682,3.26,0.57,9.9,6,1
31,6.8,0.47,0.08,2.2,0.064,18,38,0.99553,3.3,0.65,9.6,6,1
32,10.6,0.28,0.39,15.5,0.069,6,23,1.0026,3.12,0.66,9.2,5,1
33,8.3,0.54,0.24,3.4,0.076,16,112,0.9976,3.27,0.61,9.4,5,1
34,6,0.42,0.19,2,0.075,22,47,0.99522,3.39,0.78,10,6,1
35,11.9,0.4,0.65,2.15,0.068,7,27,0.9988,3.06,0.68,11.3,6,1
36,7,0.56,0.17,1.7,0.065,15,24,0.99514,3.44,0.68,10.55,7,1
37,6.9,0.55,0.15,2.2,0.076,19,40,0.9961,3.41,0.59,10.1,5,1
38,7,0.78,0.08,2,0.093,10,19,0.9956,3.4,0.47,10,5,1
39,7.6,0.54,0.02,1.7,0.085,17,31,0.99589,3.37,0.51,10.4,6,1
40,8.8,0.41,0.64,2.2,0.093,9,42,0.9986,3.54,0.66,10.5,5,1
41,9.3,0.49,0.36,1.7,0.081,3,14,0.99702,3.27,0.78,10.9,6,1
42,6.8,0.56,0.03,1.7,0.084,18,35,0.9968,3.44,0.63,10,6,1
43,8.5,0.37,0.2,2.8,0.09,18,58,0.998,3.34,0.7,9.6,6,1
44,9.9,0.74,0.28,2.6,0.078,21,77,0.998,3.28,0.51,9.8,5,1
45,8.1,0.78,0.23,2.6,0.059,5,15,0.997,3.37,0.56,11.3,5,1
46,7.6,1.58,0,2.1,0.137,5,9,0.99476,3.5,0.4,10.9,3,1
47,10.7,0.35,0.53,2.6,0.07,5,16,0.9972,3.15,0.65,11,8,1
48,8.9,0.38,0.4,2.2,0.068,12,28,0.99486,3.27,0.75,12.6,7,1
49,7.2,0.62,0.06,2.7,0.077,15,85,0.99746,3.51,0.54,9.5,5,1
50,7.1,0.755,0.15,1.8,0.107,20,84,0.99593,3.19,0.5,9.5,5,1
51,7.6,0.29,0.49,2.7,0.092,25,60,0.9971,3.31,0.61,10.1,6,1
52,8,0.59,0.16,1.8,0.065,3,16,0.9962,3.42,0.92,10.5,7,1
53,8.6,0.8,0.11,2.3,0.084,12,31,0.9979,3.4,0.48,9.9,5,1
54,7.2,0.6,0.04,2.5,0.076,18,88,0.99745,3.53,0.55,9.5,5,1
55,8.5,0.655,0.49,6.1,0.122,34,151,1.001,3.31,1.14,9.3,5,1
56,9.8,0.66,0.39,3.2,0.083,21,59,0.9989,3.37,0.71,11.5,7,1
57,6.2,0.785,0,2.1,0.06,6,13,0.99664,3.59,0.61,10,4,1
58,9.6,0.41,0.37,2.3,0.091,10,23,0.99786,3.24,0.56,10.5,5,1
59,7.4,0.64,0.07,1.8,0.1,8,23,0.9961,3.3,0.58,9.6,5,1
60,5.2,0.645,0,2.15,0.08,15,28,0.99444,3.78,0.61,12.5,6,1
61,12.3,0.39,0.63,2.3,0.091,6,18,1.0004,3.16,0.49,9.5,5,1
62,11.5,0.315,0.54,2.1,0.084,5,15,0.9987,2.98,0.7,9.2,6,1
63,7,0.54,0,2.1,0.079,39,55,0.9956,3.39,0.84,11.4,6,1
64,7.9,0.3,0.68,8.3,0.05,37.5,289,0.99316,3.01,0.51,12.3,7,1
65,8.2,0.28,0.4,2.4,0.052,4,10,0.99356,3.33,0.7,12.8,7,1
66,7.1,0.715,0,2.35,0.071,21,47,0.99632,3.29,0.45,9.4,5,1
67,6.9,0.84,0.21,4.1,0.074,16,65,0.99842,3.53,0.72,9.25,6,1
68,11.9,0.37,0.69,2.3,0.078,12,24,0.9958,3,0.65,12.8,6,1
69,6.6,0.735,0.02,7.9,0.122,68,124,0.9994,3.47,0.53,9.9,5,1
70,9.3,0.36,0.39,1.5,0.08,41,55,0.99652,3.47,0.73,10.9,6,1
71,7.1,0.59,0.01,2.3,0.08,27,43,0.9955,3.42,0.58,10.7,6,1
72,8.1,0.785,0.52,2,0.122,37,153,0.9969,3.21,0.69,9.3,5,1
73,7.6,0.41,0.14,3,0.087,21,43,0.9964,3.32,0.57,10.5,6,1
74,8.2,0.31,0.4,2.2,0.058,6,10,0.99536,3.31,0.68,11.2,7,1
75,10.6,0.36,0.59,2.2,0.152,6,18,0.9986,3.04,1.05,9.4,5,1
76,11.9,0.58,0.66,2.5,0.072,6,37,0.9992,3.05,0.56,10,5,1
77,8.2,0.38,0.32,2.5,0.08,24,71,0.99624,3.27,0.85,11,6,1
78,8,0.57,0.23,3.2,0.073,17,119,0.99675,3.26,0.57,9.3,5,1
79,9.2,0.67,0.1,3,0.091,12,48,0.99888,3.31,0.54,9.5,6,1
80,12.5,0.56,0.49,2.4,0.064,5,27,0.9999,3.08,0.87,10.9,5,1
81,10.2,0.54,0.37,15.4,0.214,55,95,1.00369,3.18,0.77,9,6,1
82,8.1,1.33,0,1.8,0.082,3,12,0.9964,3.54,0.48,10.9,5,1
83,9.8,0.5,0.34,2.3,0.094,10,45,0.99864,3.24,0.6,9.7,7,1
84,9.1,0.5,0.3,1.9,0.065,8,17,0.99774,3.32,0.71,10.5,6,1
85,6.6,0.61,0,1.6,0.069,4,8,0.99396,3.33,0.37,10.4,4,1
86,7.5,0.685,0.07,2.5,0.058,5,9,0.99632,3.38,0.55,10.9,4,1
87,9,0.39,0.4,1.3,0.044,25,50,0.99478,3.2,0.83,10.9,6,1
88,9.4,0.24,0.33,2.3,0.061,52,73,0.99786,3.47,0.9,10.2,6,1
89,8.7,0.29,0.52,1.6,0.113,12,37,0.9969,3.25,0.58,9.5,5,1
90,7.5,0.53,0.06,2.6,0.086,20,44,0.9965,3.38,0.59,10.7,6,1
91,8.2,0.44,0.24,2.3,0.063,10,28,0.99613,3.25,0.53,10.2,6,1
92,6.7,0.675,0.07,2.4,0.089,17,82,0.9958,3.35,0.54,10.1,5,1
93,7.2,0.62,0.06,2.5,0.078,17,84,0.99746,3.51,0.53,9.7,5,1
94,7.5,0.58,0.56,3.1,0.153,5,14,0.99476,3.21,1.03,11.6,6,1
95,5.7,0.6,0,1.4,0.063,11,18,0.99191,3.45,0.56,12.2,6,1
96,7.5,0.755,0,1.9,0.084,6,12,0.99672,3.34,0.49,9.7,4,1
97,12.4,0.4,0.51,2,0.059,6,24,0.9994,3.04,0.6,9.3,6,1
98,7.7,0.41,0.76,1.8,0.611,8,45,0.9968,3.06,1.26,9.4,5,1
99,12,0.63,0.5,1.4,0.071,6,26,0.99791,3.07,0.6,10.4,4,1
100,7.8,0.48,0.68,1.7,0.415,14,32,0.99656,3.09,1.06,9.1,6,1
101,7.9,0.43,0.21,1.6,0.106,10,37,0.9966,3.17,0.91,9.5,5,1
102,8.7,0.78,0.51,1.7,0.415,12,66,0.99623,3,1.17,9.2,5,1
103,5.6,0.85,0.05,1.4,0.045,12,88,0.9924,3.56,0.82,12.9,8,1
104,7.9,0.2,0.35,1.7,0.054,7,15,0.99458,3.32,0.8,11.9,7,1
105,8.2,0.28,0.6,3,0.104,10,22,0.99828,3.39,0.68,10.6,5,1
106,9.2,0.52,1,3.4,0.61,32,69,0.9996,2.74,2,9.4,4,1
107,10.1,0.43,0.4,2.6,0.092,13,52,0.99834,3.22,0.64,10,7,1
108,11.6,0.23,0.57,1.8,0.074,3,8,0.9981,3.14,0.7,9.9,6,1
109,8.8,0.955,0.05,1.8,0.075,5,19,0.99616,3.3,0.44,9.6,4,1
110,7.7,0.57,0.21,1.5,0.069,4,9,0.99458,3.16,0.54,9.8,6,1
111,8.3,0.58,0.13,2.9,0.096,14,63,0.9984,3.17,0.62,9.1,6,1
112,7.9,0.6,0.06,1.6,0.069,15,59,0.9964,3.3,0.46,9.4,5,1
113,7.3,0.66,0,2,0.084,6,23,0.9983,3.61,0.96,9.9,6,1
114,6.6,0.52,0.08,2.4,0.07,13,26,0.99358,3.4,0.72,12.5,7,1
115,8.2,0.34,0.37,1.9,0.057,43,74,0.99408,3.23,0.81,12,6,1
116,10.4,0.44,0.73,6.55,0.074,38,76,0.999,3.17,0.85,12,7,1
117,7.1,0.56,0.14,1.6,0.078,7,18,0.99592,3.27,0.62,9.3,5,1
118,8,0.62,0.33,2.7,0.088,16,37,0.9972,3.31,0.58,10.7,6,1
119,8.8,0.64,0.17,2.9,0.084,25,130,0.99818,3.23,0.54,9.6,5,1
120,6.8,0.36,0.32,1.8,0.067,4,8,0.9928,3.36,0.55,12.8,7,1
121,7.7,0.69,0.05,2.7,0.075,15,27,0.9974,3.26,0.61,9.1,5,1
122,8.8,0.27,0.39,2,0.1,20,27,0.99546,3.15,0.69,11.2,6,1
123,6.9,0.4,0.24,2.5,0.083,30,45,0.9959,3.26,0.58,10,5,1
124,6.9,0.67,0.06,2.1,0.08,8,33,0.99845,3.68,0.71,9.6,5,1
125,7.8,0.58,0.13,2.1,0.102,17,36,0.9944,3.24,0.53,11.2,6,1
126,5.8,0.61,0.11,1.8,0.066,18,28,0.99483,3.55,0.66,10.9,6,1
127,8.9,0.4,0.51,2.6,0.052,13,27,0.995,3.32,0.9,13.4,7,1
128,11.9,0.38,0.49,2.7,0.098,12,42,1.0004,3.16,0.61,10.3,5,1
129,8,0.38,0.06,1.8,0.078,12,49,0.99625,3.37,0.52,9.9,6,1
130,12.5,0.38,0.6,2.6,0.081,31,72,0.9996,3.1,0.73,10.5,5,1
131,5.3,0.47,0.11,2.2,0.048,16,89,0.99182,3.54,0.88,13.6,7,1
132,7,0.42,0.35,1.6,0.088,16,39,0.9961,3.34,0.55,9.2,5,1
133,6.2,0.51,0.14,1.9,0.056,15,34,0.99396,3.48,0.57,11.5,6,1
134,8.3,0.28,0.48,2.1,0.093,6,12,0.99408,3.26,0.62,12.4,7,1
135,9,0.46,0.23,2.8,0.092,28,104,0.9983,3.1,0.56,9.2,5,1
136,6.8,0.61,0.04,1.5,0.057,5,10,0.99525,3.42,0.6,9.5,5,1
137,8.7,0.7,0.24,2.5,0.226,5,15,0.9991,3.32,0.6,9,6,1
138,7.5,0.57,0.08,2.6,0.089,14,27,0.99592,3.3,0.59,10.4,6,1
139,9.9,0.27,0.49,5,0.082,9,17,0.99484,3.19,0.52,12.5,7,1
140,7.4,0.965,0,2.2,0.088,16,32,0.99756,3.58,0.67,10.2,5,1
141,7.4,0.29,0.38,1.7,0.062,9,30,0.9968,3.41,0.53,9.5,6,1
142,9.5,0.46,0.24,2.7,0.092,14,44,0.998,3.12,0.74,10,6,1
143,12.7,0.6,0.49,2.8,0.075,5,19,0.9994,3.14,0.57,11.4,5,1
144,7.1,0.59,0.02,2.3,0.082,24,94,0.99744,3.55,0.53,9.7,6,1
145,7.3,0.59,0.26,7.2,0.07,35,121,0.9981,3.37,0.49,9.4,5,1
146,10.6,0.44,0.68,4.1,0.114,6,24,0.997,3.06,0.66,13.4,6,1
147,14,0.41,0.63,3.8,0.089,6,47,1.0014,3.01,0.81,10.8,6,1
148,8.8,0.61,0.3,2.8,0.088,17,46,0.9976,3.26,0.51,9.3,4,1
149,7.5,0.42,0.32,2.7,0.067,7,25,0.99628,3.24,0.44,10.4,5,1
150,6.3,0.6,0.1,1.6,0.048,12,26,0.99306,3.55,0.51,12.1,5,1
151,7.2,0.41,0.3,2.1,0.083,35,72,0.997,3.44,0.52,9.4,5,1
152,7.5,0.6,0.03,1.8,0.095,25,99,0.995,3.35,0.54,10.1,5,1
153,7.7,0.965,0.1,2.1,0.112,11,22,0.9963,3.26,0.5,9.5,5,1
154,7.8,0.57,0.31,1.8,0.069,26,120,0.99625,3.29,0.53,9.3,5,1
155,7.9,1.04,0.05,2.2,0.084,13,29,0.9959,3.22,0.55,9.9,6,1
156,10.3,0.41,0.42,2.4,0.213,6,14,0.9994,3.19,0.62,9.5,6,1
157,9,0.82,0.05,2.4,0.081,26,96,0.99814,3.36,0.53,10,5,1
158,8.7,0.675,0.1,1.6,0.09,4,11,0.99745,3.31,0.65,9.55,5,1
159,9,0.45,0.49,2.6,0.084,21,75,0.9987,3.35,0.57,9.7,5,1
160,8.2,0.42,0.49,2.6,0.084,32,55,0.9988,3.34,0.75,8.7,6,1
161,7.3,0.51,0.18,2.1,0.07,12,28,0.99768,3.52,0.73,9.5,6,1
162,7.9,0.18,0.4,1.8,0.062,7,20,0.9941,3.28,0.7,11.1,5,1
163,7.7,0.69,0.49,1.8,0.115,20,112,0.9968,3.21,0.71,9.3,5,1
164,7.7,0.935,0.43,2.2,0.114,22,114,0.997,3.25,0.73,9.2,5,1
165,8,0.83,0.27,2,0.08,11,63,0.99652,3.29,0.48,9.8,4,1
166,10,0.35,0.47,2,0.061,6,11,0.99585,3.23,0.52,12,6,1
167,8.2,0.24,0.34,5.1,0.062,8,22,0.9974,3.22,0.94,10.9,6,1
168,10.1,0.45,0.23,1.9,0.082,10,18,0.99774,3.22,0.65,9.3,6,1
169,6.9,0.63,0.33,6.7,0.235,66,115,0.99787,3.22,0.56,9.5,5,1
170,7.8,0.64,0,1.9,0.072,27,55,0.9962,3.31,0.63,11,5,1
171,6.9,0.44,0,1.4,0.07,32,38,0.99438,3.32,0.58,11.4,6,1
172,7,0.975,0.04,2,0.087,12,67,0.99565,3.35,0.6,9.4,4,1
173,8.3,0.66,0.15,1.9,0.079,17,42,0.9972,3.31,0.54,9.6,6,1
174,7.6,0.715,0,2.1,0.068,30,35,0.99533,3.48,0.65,11.4,6,1
175,7.6,0.68,0.02,1.3,0.072,9,20,0.9965,3.17,1.08,9.2,4,1
176,6.3,0.51,0.13,2.3,0.076,29,40,0.99574,3.42,0.75,11,6,1
177,10,0.48,0.24,2.7,0.102,13,32,1,3.28,0.56,10,6,1
178,8.8,0.31,0.4,2.8,0.109,7,16,0.99614,3.31,0.79,11.8,7,1
179,6.8,0.77,0,1.8,0.066,34,52,0.9976,3.62,0.68,9.9,5,1
180,8.2,0.73,0.21,1.7,0.074,5,13,0.9968,3.2,0.52,9.5,5,1
181,8.5,0.4,0.4,6.3,0.05,3,10,0.99566,3.28,0.56,12,4,1
182,6.5,0.615,0,1.9,0.065,9,18,0.9972,3.46,0.65,9.2,5,1
183,9.9,0.54,0.26,2,0.111,7,60,0.99709,2.94,0.98,10.2,5,1
184,8,0.67,0.3,2,0.06,38,62,0.9958,3.26,0.56,10.2,6,1
185,8.7,0.69,0.31,3,0.086,23,81,1.0002,3.48,0.74,11.6,6,1
186,6.9,0.765,0.18,2.4,0.243,5.5,48,0.99612,3.4,0.6,10.3,6,1
187,6.8,0.56,0.22,1.8,0.074,15,24,0.99438,3.4,0.82,11.2,6,1
188,10.2,0.36,0.64,2.9,0.122,10,41,0.998,3.23,0.66,12.5,6,1
189,9.5,0.46,0.49,6.3,0.064,5,17,0.9988,3.21,0.73,11,6,1
190,7.7,0.28,0.3,2,0.062,18,34,0.9952,3.28,0.9,11.3,7,1
191,8.3,0.65,0.1,2.9,0.089,17,40,0.99803,3.29,0.55,9.5,5,1
192,6.8,0.65,0.02,2.1,0.078,8,15,0.99498,3.35,0.62,10.4,6,1
193,11.5,0.59,0.59,2.6,0.087,13,49,0.9988,3.18,0.65,11,6,1
194,7.5,0.42,0.31,1.6,0.08,15,42,0.9978,3.31,0.64,9,5,1
195,9.7,0.295,0.4,1.5,0.073,14,21,0.99556,3.14,0.51,10.9,6,1
196,8.9,0.31,0.36,2.6,0.056,10,39,0.99562,3.4,0.69,11.8,5,1
197,6.2,0.58,0,1.6,0.065,8,18,0.9966,3.56,0.84,9.4,5,1
198,8.8,0.45,0.43,1.4,0.076,12,21,0.99551,3.21,0.75,10.2,6,1
199,7.9,0.43,0.21,1.6,0.106,10,37,0.9966,3.17,0.91,9.5,5,1
200,7.1,0.43,0.42,5.5,0.07,29,129,0.9973,3.42,0.72,10.5,5,1
201,10.1,0.65,0.37,5.1,0.11,11,65,1.0026,3.32,0.64,10.4,6,1
202,7.5,0.61,0.26,1.9,0.073,24,88,0.99612,3.3,0.53,9.8,5,1
203,6.5,0.46,0.14,2.4,0.114,9,37,0.99732,3.66,0.65,9.8,5,1
204,12.2,0.45,0.49,1.4,0.075,3,6,0.9969,3.13,0.63,10.4,5,1
205,7.7,0.58,0.01,1.8,0.088,12,18,0.99568,3.32,0.56,10.5,7,1
206,8,0.33,0.53,2.5,0.091,18,80,0.9976,3.37,0.8,9.6,6,1
207,10.9,0.53,0.49,4.6,0.118,10,17,1.0002,3.07,0.56,11.7,6,1
208,8,0.58,0.28,3.2,0.066,21,114,0.9973,3.22,0.54,9.4,6,1
209,7,0.45,0.34,2.7,0.082,16,72,0.998,3.55,0.6,9.5,5,1
210,6.7,0.46,0.24,1.7,0.077,18,34,0.9948,3.39,0.6,10.6,6,1
211,7,0.55,0.13,2.2,0.075,15,35,0.9959,3.36,0.59,9.7,6,1
212,7.3,0.59,0.26,2,0.08,17,104,0.99584,3.28,0.52,9.9,5,1
213,13.2,0.46,0.52,2.2,0.071,12,35,1.0006,3.1,0.56,9,6,1
214,6.9,0.5,0.04,1.5,0.085,19,49,0.9958,3.35,0.78,9.5,5,1
215,4.7,0.6,0.17,2.3,0.058,17,106,0.9932,3.85,0.6,12.9,6,1
216,7.5,0.31,0.41,2.4,0.065,34,60,0.99492,3.34,0.85,11.4,6,1
217,7.6,0.9,0.06,2.5,0.079,5,10,0.9967,3.39,0.56,9.8,5,1
218,8.4,0.37,0.43,2.3,0.063,12,19,0.9955,3.17,0.81,11.2,7,1
219,8.3,0.65,0.1,2.9,0.089,17,40,0.99803,3.29,0.55,9.5,5,1
220,6.8,0.5,0.11,1.5,0.075,16,49,0.99545,3.36,0.79,9.5,5,1
221,7.9,0.65,0.01,2.5,0.078,17,38,0.9963,3.34,0.74,11.7,7,1
222,7.5,0.52,0.11,1.5,0.079,11,39,0.9968,3.42,0.58,9.6,5,1
223,10,0.38,0.38,1.6,0.169,27,90,0.99914,3.15,0.65,8.5,5,1
224,8.2,0.59,0,2.5,0.093,19,58,1.0002,3.5,0.65,9.3,6,1
225,10.2,0.29,0.65,2.4,0.075,6,17,0.99565,3.22,0.63,11.8,6,1
226,9.3,0.38,0.48,3.8,0.132,3,11,0.99577,3.23,0.57,13.2,6,1
227,7.8,0.34,0.37,2,0.082,24,58,0.9964,3.34,0.59,9.4,6,1
228,10.5,0.28,0.51,1.7,0.08,10,24,0.9982,3.2,0.89,9.4,6,1
229,6.8,0.56,0.22,1.8,0.074,15,24,0.99438,3.4,0.82,11.2,6,1
230,7.8,0.53,0.01,1.6,0.077,3,19,0.995,3.16,0.46,9.8,5,1
231,6.7,0.62,0.21,1.9,0.079,8,62,0.997,3.52,0.58,9.3,6,1
232,8.1,0.78,0.1,3.3,0.09,4,13,0.99855,3.36,0.49,9.5,5,1
233,7.4,0.61,0.01,2,0.074,13,38,0.99748,3.48,0.65,9.8,5,1
234,9.4,0.3,0.56,2.8,0.08,6,17,0.9964,3.15,0.92,11.7,8,1
235,6.8,0.57,0,2.5,0.072,32,64,0.99491,3.43,0.56,11.2,6,1
236,9.9,0.32,0.56,2,0.073,3,8,0.99534,3.15,0.73,11.4,6,1
237,6.8,0.63,0.07,2.1,0.089,11,44,0.9953,3.47,0.55,10.4,6,1
238,8.5,0.32,0.42,2.3,0.075,12,19,0.99434,3.14,0.71,11.8,7,1
239,7.4,0.47,0.46,2.2,0.114,7,20,0.99647,3.32,0.63,10.5,5,1
240,7.1,0.75,0.01,2.2,0.059,11,18,0.99242,3.39,0.4,12.8,6,1
241,11.9,0.38,0.51,2,0.121,7,20,0.9996,3.24,0.76,10.4,6,1
242,8.3,0.6,0.25,2.2,0.118,9,38,0.99616,3.15,0.53,9.8,5,1
243,8.5,0.21,0.52,1.9,0.09,9,23,0.99648,3.36,0.67,10.4,5,1
244,8,0.3,0.63,1.6,0.081,16,29,0.99588,3.3,0.78,10.8,6,1
245,8.3,0.655,0.12,2.3,0.083,15,113,0.9966,3.17,0.66,9.8,5,1
246,6,0.51,0,2.1,0.064,40,54,0.995,3.54,0.93,10.7,6,1
247,8.8,0.27,0.46,2.1,0.095,20,29,0.99488,3.26,0.56,11.3,6,1
248,9.6,0.38,0.31,2.5,0.096,16,49,0.9982,3.19,0.7,10,7,1
249,8,0.715,0.22,2.3,0.075,13,81,0.99688,3.24,0.54,9.5,6,1
250,9.8,0.34,0.39,1.4,0.066,3,7,0.9947,3.19,0.55,11.4,7,1
251,7.6,0.55,0.21,2.2,0.071,7,28,0.9964,3.28,0.55,9.7,5,1
252,9.8,0.44,0.47,2.5,0.063,9,28,0.9981,3.24,0.65,10.8,6,1
253,9.1,0.76,0.68,1.7,0.414,18,64,0.99652,2.9,1.33,9.1,6,1
254,7.6,0.48,0.31,2.8,0.07,4,15,0.99693,3.22,0.55,10.3,6,1
255,7.1,0.43,0.17,1.8,0.082,27,51,0.99634,3.49,0.64,10.4,5,1
256,6.8,0.775,0,3,0.102,8,23,0.9965,3.45,0.56,10.7,5,1
257,9,0.62,0.04,1.9,0.146,27,90,0.9984,3.16,0.7,9.4,5,1
258,9.1,0.28,0.46,9,0.114,3,9,0.99901,3.18,0.6,10.9,6,1
259,6.9,0.54,0.04,3,0.077,7,27,0.9987,3.69,0.91,9.4,6,1
260,6.8,0.48,0.08,1.8,0.074,40,64,0.99529,3.12,0.49,9.6,5,1
261,5.9,0.55,0.1,2.2,0.062,39,51,0.99512,3.52,0.76,11.2,6,1
262,10.3,0.53,0.48,2.5,0.063,6,25,0.9998,3.12,0.59,9.3,6,1
263,6.5,0.52,0.11,1.8,0.073,13,38,0.9955,3.34,0.52,9.3,5,1
264,7.3,0.34,0.33,2.5,0.064,21,37,0.9952,3.35,0.77,12.1,7,1
265,7.2,0.56,0.26,2,0.083,13,100,0.99586,3.26,0.52,9.9,5,1
266,9.9,0.5,0.5,13.8,0.205,48,82,1.00242,3.16,0.75,8.8,5,1
267,7.9,0.545,0.06,4,0.087,27,61,0.9965,3.36,0.67,10.7,6,1
268,7.8,0.64,0.1,6,0.115,5,11,0.9984,3.37,0.69,10.1,7,1
269,15,0.21,0.44,2.2,0.075,10,24,1.00005,3.07,0.84,9.2,7,1
270,7.4,0.7,0,1.9,0.076,11,34,0.9978,3.51,0.56,9.4,5,1
271,6.4,0.38,0.14,2.2,0.038,15,25,0.99514,3.44,0.65,11.1,6,1
272,8.2,0.56,0.23,3.4,0.078,14,104,0.9976,3.28,0.62,9.4,5,1
273,6.2,0.36,0.24,2.2,0.095,19,42,0.9946,3.57,0.57,11.7,6,1
274,6.2,0.45,0.2,1.6,0.069,3,15,0.9958,3.41,0.56,9.2,5,1
275,10.4,0.44,0.42,1.5,0.145,34,48,0.99832,3.38,0.86,9.9,3,1
276,8.7,0.82,0.02,1.2,0.07,36,48,0.9952,3.2,0.58,9.8,5,1
277,10.4,0.28,0.54,2.7,0.105,5,19,0.9988,3.25,0.63,9.5,5,1
278,7.3,0.74,0.08,1.7,0.094,10,45,0.99576,3.24,0.5,9.8,5,1
279,5.6,0.5,0.09,2.3,0.049,17,99,0.9937,3.63,0.63,13,5,1
280,6.5,0.34,0.27,2.8,0.067,8,44,0.99384,3.21,0.56,12,6,1
281,10,0.59,0.31,2.2,0.09,26,62,0.9994,3.18,0.63,10.2,6,1
282,7.8,0.59,0.33,2,0.074,24,120,0.9968,3.25,0.54,9.4,5,1
283,6.2,0.63,0.31,1.7,0.088,15,64,0.9969,3.46,0.79,9.3,5,1
284,11.1,0.31,0.49,2.7,0.094,16,47,0.9986,3.12,1.02,10.6,7,1
285,7.9,0.52,0.26,1.9,0.079,42,140,0.9964,3.23,0.54,9.5,5,1
286,7.4,0.52,0.13,2.4,0.078,34,61,0.99528,3.43,0.59,10.8,6,1
287,8.8,0.33,0.41,5.9,0.073,7,13,0.99658,3.3,0.62,12.1,7,1
288,5.2,0.32,0.25,1.8,0.103,13,50,0.9957,3.38,0.55,9.2,5,1
289,6.1,0.56,0,2.2,0.079,6,9,0.9948,3.59,0.54,11.5,6,1
290,8.4,1.035,0.15,6,0.073,11,54,0.999,3.37,0.49,9.9,5,1
291,7.3,0.48,0.32,2.1,0.062,31,54,0.99728,3.3,0.65,10,7,1
292,7.3,0.305,0.39,1.2,0.059,7,11,0.99331,3.29,0.52,11.5,6,1
293,10.3,0.32,0.45,6.4,0.073,5,13,0.9976,3.23,0.82,12.6,8,1
294,7.8,0.59,0.18,2.3,0.076,17,54,0.9975,3.43,0.59,10,5,1
295,7.1,0.6,0,1.8,0.074,16,34,0.9972,3.47,0.7,9.9,6,1
296,6.1,0.32,0.25,2.3,0.071,23,58,0.99633,3.42,0.97,10.6,5,1
297,8.9,0.22,0.48,1.8,0.077,29,60,0.9968,3.39,0.53,9.4,6,1
298,9.9,0.4,0.53,6.7,0.097,6,19,0.9986,3.27,0.82,11.7,7,1
299,8.8,0.61,0.14,2.4,0.067,10,42,0.9969,3.19,0.59,9.5,5,1
300,7.6,0.3,0.42,2,0.052,6,24,0.9963,3.44,0.82,11.9,6,1
301,8.2,0.32,0.42,2.3,0.098,3,9,0.99506,3.27,0.55,12.3,6,1
302,9.9,0.54,0.45,2.3,0.071,16,40,0.9991,3.39,0.62,9.4,5,1
303,9.9,0.72,0.55,1.7,0.136,24,52,0.99752,3.35,0.94,10,5,1
304,8.6,0.42,0.39,1.8,0.068,6,12,0.99516,3.35,0.69,11.7,8,1
305,8.9,0.4,0.32,5.6,0.087,10,47,0.9991,3.38,0.77,10.5,7,1
306,8,0.38,0.44,1.9,0.098,6,15,0.9956,3.3,0.64,11.4,6,1
307,5.7,1.13,0.09,1.5,0.172,7,19,0.994,3.5,0.48,9.8,4,1
308,6.5,0.4,0.1,2,0.076,30,47,0.99554,3.36,0.48,9.4,6,1
309,6.7,0.54,0.13,2,0.076,15,36,0.9973,3.61,0.64,9.8,5,1
310,15.5,0.645,0.49,4.2,0.095,10,23,1.00315,2.92,0.74,11.1,5,1
311,10.4,0.52,0.45,2,0.08,6,13,0.99774,3.22,0.76,11.4,6,1
312,5.1,0.42,0,1.8,0.044,18,88,0.99157,3.68,0.73,13.6,7,1
313,8.2,0.33,0.39,2.5,0.074,29,48,0.99528,3.32,0.88,12.4,7,1
314,11.6,0.47,0.44,1.6,0.147,36,51,0.99836,3.38,0.86,9.9,4,1
315,9.3,0.4,0.49,2.5,0.085,38,142,0.9978,3.22,0.55,9.4,5,1
316,7.1,0.43,0.42,5.5,0.07,29,129,0.9973,3.42,0.72,10.5,5,1
317,8.3,0.56,0.22,2.4,0.082,10,86,0.9983,3.37,0.62,9.5,5,1
318,7.8,0.39,0.42,2,0.086,9,21,0.99526,3.39,0.66,11.6,6,1
319,7.8,0.82,0.29,4.3,0.083,21,64,0.99642,3.16,0.53,9.4,5,1
320,7.2,0.63,0,1.9,0.097,14,38,0.99675,3.37,0.58,9,6,1
321,7.5,0.64,0,2.4,0.077,18,29,0.9965,3.32,0.6,10,6,1
322,8.8,0.24,0.35,1.7,0.055,13,27,0.99394,3.14,0.59,11.3,7,1
323,9.3,0.33,0.45,1.5,0.057,19,37,0.99498,3.18,0.89,11.1,7,1
324,8.6,0.53,0.22,2,0.1,7,27,0.9967,3.2,0.56,10.2,6,1
325,8.3,0.54,0.28,1.9,0.077,11,40,0.9978,3.39,0.61,10,6,1
326,7.2,0.73,0.02,2.5,0.076,16,42,0.9972,3.44,0.52,9.3,5,1
327,8.1,0.67,0.55,1.8,0.117,32,141,0.9968,3.17,0.62,9.4,5,1
328,7.8,0.53,0.04,1.7,0.076,17,31,0.9964,3.33,0.56,10,6,1
329,8.2,0.35,0.33,2.4,0.076,11,47,0.99599,3.27,0.81,11,6,1
330,10.4,0.26,0.48,1.9,0.066,6,10,0.99724,3.33,0.87,10.9,6,1
331,8,0.52,0.03,1.7,0.07,10,35,0.99575,3.34,0.57,10,5,1
332,7.5,0.51,0.02,1.7,0.084,13,31,0.99538,3.36,0.54,10.5,6,1
333,4.6,0.52,0.15,2.1,0.054,8,65,0.9934,3.9,0.56,13.1,4,1
334,5.6,0.31,0.78,13.9,0.074,23,92,0.99677,3.39,0.48,10.5,6,1
335,7.2,0.415,0.36,2,0.081,13,45,0.9972,3.48,0.64,9.2,5,1
336,7.2,0.38,0.3,1.8,0.073,31,70,0.99685,3.42,0.59,9.5,6,1
337,8.2,0.64,0.27,2,0.095,5,77,0.99747,3.13,0.62,9.1,6,1
338,7.3,0.55,0.01,1.8,0.093,9,15,0.99514,3.35,0.58,11,7,1
339,8.3,0.26,0.37,1.4,0.076,8,23,0.9974,3.26,0.7,9.6,6,1
340,10.5,0.24,0.47,2.1,0.066,6,24,0.9978,3.15,0.9,11,7,1
341,10.7,0.4,0.37,1.9,0.081,17,29,0.99674,3.12,0.65,11.2,6,1
342,7.2,0.34,0.21,2.5,0.075,41,68,0.99586,3.37,0.54,10.1,6,1
343,7.4,0.635,0.1,2.4,0.08,16,33,0.99736,3.58,0.69,10.8,7,1
344,8.7,0.54,0.26,2.5,0.097,7,31,0.9976,3.27,0.6,9.3,6,1
345,8.2,0.4,0.31,1.9,0.082,8,24,0.996,3.24,0.69,10.6,6,1
346,7.1,0.35,0.29,2.5,0.096,20,53,0.9962,3.42,0.65,11,6,1
347,8.1,0.87,0,2.2,0.084,10,31,0.99656,3.25,0.5,9.8,5,1
348,6.4,0.57,0.14,3.9,0.07,27,73,0.99669,3.32,0.48,9.2,5,1
349,6.8,0.41,0.31,8.8,0.084,26,45,0.99824,3.38,0.64,10.1,6,1
350,6.6,0.84,0.03,2.3,0.059,32,48,0.9952,3.52,0.56,12.3,7,1
351,10,0.42,0.5,3.4,0.107,7,21,0.9979,3.26,0.93,11.8,6,1
352,8.1,0.38,0.48,1.8,0.157,5,17,0.9976,3.3,1.05,9.4,5,1
353,6.8,0.69,0,5.6,0.124,21,58,0.9997,3.46,0.72,10.2,5,1
354,6.8,0.41,0.31,8.8,0.084,26,45,0.99824,3.38,0.64,10.1,6,1
355,7.6,0.39,0.31,2.3,0.082,23,71,0.9982,3.52,0.65,9.7,5,1
356,7.7,0.56,0.2,2,0.075,9,39,0.9987,3.48,0.62,9.3,5,1
357,10.7,0.4,0.48,2.1,0.125,15,49,0.998,3.03,0.81,9.7,6,1
358,6.6,0.96,0,1.8,0.082,5,16,0.9936,3.5,0.44,11.9,6,1
359,8,0.715,0.22,2.3,0.075,13,81,0.99688,3.24,0.54,9.5,6,1
360,7.6,0.665,0.1,1.5,0.066,27,55,0.99655,3.39,0.51,9.3,5,1
361,10,0.56,0.24,2.2,0.079,19,58,0.9991,3.18,0.56,10.1,6,1
362,7.1,0.68,0.07,1.9,0.075,16,51,0.99685,3.38,0.52,9.5,5,1
363,6.2,0.65,0.06,1.6,0.05,6,18,0.99348,3.57,0.54,11.95,5,1
364,7,0.805,0,2.5,0.068,7,20,0.9969,3.48,0.56,9.6,5,1
365,6.8,0.66,0.07,1.6,0.07,16,61,0.99572,3.29,0.6,9.3,5,1
366,10,0.32,0.59,2.2,0.077,3,15,0.9994,3.2,0.78,9.6,5,1
367,8.6,0.645,0.25,2,0.083,8,28,0.99815,3.28,0.6,10,6,1
368,7.1,0.39,0.12,2.1,0.065,14,24,0.99252,3.3,0.53,13.3,6,1
369,7,0.655,0.16,2.1,0.074,8,25,0.99606,3.37,0.55,9.7,5,1
370,10.3,0.27,0.24,2.1,0.072,15,33,0.9956,3.22,0.66,12.8,6,1
371,7,0.69,0.07,2.5,0.091,15,21,0.99572,3.38,0.6,11.3,6,1
372,8.5,0.34,0.4,4.7,0.055,3,9,0.99738,3.38,0.66,11.6,7,1
373,10.4,0.43,0.5,2.3,0.068,13,19,0.996,3.1,0.87,11.4,6,1
374,12.5,0.46,0.63,2,0.071,6,15,0.9988,2.99,0.87,10.2,5,1
375,8.8,0.3,0.38,2.3,0.06,19,72,0.99543,3.39,0.72,11.8,6,1
376,8.3,0.85,0.14,2.5,0.093,13,54,0.99724,3.36,0.54,10.1,5,1
377,5.2,0.49,0.26,2.3,0.09,23,74,0.9953,3.71,0.62,12.2,6,1
378,7.9,0.34,0.36,1.9,0.065,5,10,0.99419,3.27,0.54,11.2,7,1
379,8.9,0.5,0.21,2.2,0.088,21,39,0.99692,3.33,0.83,11.1,6,1
380,10.4,0.41,0.55,3.2,0.076,22,54,0.9996,3.15,0.89,9.9,6,1
381,9.1,0.21,0.37,1.6,0.067,6,10,0.99552,3.23,0.58,11.1,7,1
382,6.8,0.64,0.03,2.3,0.075,14,31,0.99545,3.36,0.58,10.4,6,1
383,8,0.58,0.16,2,0.12,3,7,0.99454,3.22,0.58,11.2,6,1
384,12.7,0.6,0.49,2.8,0.075,5,19,0.9994,3.14,0.57,11.4,5,1
385,6.2,0.56,0.09,1.7,0.053,24,32,0.99402,3.54,0.6,11.3,5,1
386,7.8,0.56,0.19,2,0.081,17,108,0.9962,3.32,0.54,9.5,5,1
387,7.9,0.69,0.21,2.1,0.08,33,141,0.9962,3.25,0.51,9.9,5,1
388,7.8,0.545,0.12,2.5,0.068,11,35,0.996,3.34,0.61,11.6,6,1
389,12.2,0.48,0.54,2.6,0.085,19,64,1,3.1,0.61,10.5,6,1
390,12,0.28,0.49,1.9,0.074,10,21,0.9976,2.98,0.66,9.9,7,1
391,9.5,0.735,0.1,2.1,0.079,6,31,0.9986,3.23,0.56,10.1,6,1
392,6,0.5,0.04,2.2,0.092,13,26,0.99647,3.46,0.47,10,5,1
393,7.1,0.46,0.14,2.8,0.076,15,37,0.99624,3.36,0.49,10.7,5,1
394,9.6,0.42,0.35,2.1,0.083,17,38,0.99622,3.23,0.66,11.1,6,1
395,7.9,0.29,0.49,2.2,0.096,21,59,0.99714,3.31,0.67,10.1,6,1
396,7.5,0.61,0.26,1.9,0.073,24,88,0.99612,3.3,0.53,9.8,5,1
397,12.6,0.38,0.66,2.6,0.088,10,41,1.001,3.17,0.68,9.8,6,1
398,11.6,0.42,0.53,3.3,0.105,33,98,1.001,3.2,0.95,9.2,5,1
399,7.1,0.27,0.6,2.1,0.074,17,25,0.99814,3.38,0.72,10.6,6,1
400,12.3,0.5,0.49,2.2,0.089,5,14,1.0002,3.19,0.44,9.6,5,1
401,6.9,0.58,0.2,1.75,0.058,8,22,0.99322,3.38,0.49,11.7,5,1
402,6.5,0.88,0.03,5.6,0.079,23,47,0.99572,3.58,0.5,11.2,4,1
403,8,0.71,0,2.6,0.08,11,34,0.9976,3.44,0.53,9.5,5,1
404,7.3,0.58,0.3,2.4,0.074,15,55,0.9968,3.46,0.59,10.2,5,1
405,6.6,0.64,0.31,6.1,0.083,7,49,0.99718,3.35,0.68,10.3,5,1
406,8.3,0.26,0.42,2,0.08,11,27,0.9974,3.21,0.8,9.4,6,1
407,9.1,0.765,0.04,1.6,0.078,4,14,0.998,3.29,0.54,9.7,4,1
408,7.5,0.61,0.2,1.7,0.076,36,60,0.99494,3.1,0.4,9.3,5,1
409,6.8,0.67,0.02,1.8,0.05,5,11,0.9962,3.48,0.52,9.5,5,1
410,7.8,0.41,0.68,1.7,0.467,18,69,0.9973,3.08,1.31,9.3,5,1
411,9.1,0.22,0.24,2.1,0.078,1,28,0.999,3.41,0.87,10.3,6,1
412,8.7,0.625,0.16,2,0.101,13,49,0.9962,3.14,0.57,11,5,1
413,7.6,0.685,0.23,2.3,0.111,20,84,0.9964,3.21,0.61,9.3,5,1
414,12.9,0.35,0.49,5.8,0.066,5,35,1.0014,3.2,0.66,12,7,1
415,7.8,0.5,0.3,1.9,0.075,8,22,0.9959,3.31,0.56,10.4,6,1
416,9.6,0.56,0.31,2.8,0.089,15,46,0.9979,3.11,0.92,10,6,1
417,13.3,0.34,0.52,3.2,0.094,17,53,1.0014,3.05,0.81,9.5,6,1
418,10.7,0.46,0.39,2,0.061,7,15,0.9981,3.18,0.62,9.5,5,1
419,8.2,0.5,0.35,2.9,0.077,21,127,0.9976,3.23,0.62,9.4,5,1
420,9.9,0.54,0.45,2.3,0.071,16,40,0.9991,3.39,0.62,9.4,5,1
421,10.7,0.43,0.39,2.2,0.106,8,32,0.9986,2.89,0.5,9.6,5,1
422,6.3,1.02,0,2,0.083,17,24,0.99437,3.59,0.55,11.2,4,1
423,12,0.45,0.55,2,0.073,25,49,0.9997,3.1,0.76,10.3,6,1
424,7.8,0.5,0.12,1.8,0.178,6,21,0.996,3.28,0.87,9.8,6,1
425,8,0.81,0.25,3.4,0.076,34,85,0.99668,3.19,0.42,9.2,5,1
426,5.6,0.54,0.04,1.7,0.049,5,13,0.9942,3.72,0.58,11.4,5,1
427,8.6,0.37,0.65,6.4,0.08,3,8,0.99817,3.27,0.58,11,5,1
428,7.4,0.66,0,1.8,0.075,13,40,0.9978,3.51,0.56,9.4,5,1
429,7.2,0.34,0.32,2.5,0.09,43,113,0.9966,3.32,0.79,11.1,5,1
430,7.2,0.67,0,2.2,0.068,10,24,0.9956,3.42,0.72,11.1,6,1
431,6.9,0.63,0.02,1.9,0.078,18,30,0.99712,3.4,0.75,9.8,5,1
432,6.7,0.48,0.08,2.1,0.064,18,34,0.99552,3.33,0.64,9.7,5,1
433,10.3,0.44,0.5,4.5,0.107,5,13,0.998,3.28,0.83,11.5,5,1
434,6.1,0.58,0.23,2.5,0.044,16,70,0.99352,3.46,0.65,12.5,6,1
435,6.8,0.36,0.32,1.8,0.067,4,8,0.9928,3.36,0.55,12.8,7,1
436,13.4,0.27,0.62,2.6,0.082,6,21,1.0002,3.16,0.67,9.7,6,1
437,9.1,0.5,0.3,1.9,0.065,8,17,0.99774,3.32,0.71,10.5,6,1
438,7.7,0.58,0.1,1.8,0.102,28,109,0.99565,3.08,0.49,9.8,6,1
439,7,0.43,0.02,1.9,0.08,15,28,0.99492,3.35,0.81,10.6,6,1
440,7.1,0.59,0,2.2,0.078,26,44,0.99522,3.42,0.68,10.8,6,1
441,7.3,0.67,0.26,1.8,0.401,16,51,0.9969,3.16,1.14,9.4,5,1
442,7.1,0.31,0.3,2.2,0.053,36,127,0.9965,2.94,1.62,9.5,5,1
443,8.3,0.26,0.37,1.4,0.076,8,23,0.9974,3.26,0.7,9.6,6,1
444,7.4,0.62,0.05,1.9,0.068,24,42,0.9961,3.42,0.57,11.5,6,1
445,7,0.43,0.36,1.6,0.089,14,37,0.99615,3.34,0.56,9.2,6,1
446,7.6,0.95,0.03,2,0.09,7,20,0.9959,3.2,0.56,9.6,5,1
447,8,0.48,0.34,2.2,0.073,16,25,0.9936,3.28,0.66,12.4,6,1
448,6.4,0.37,0.25,1.9,0.074,21,49,0.9974,3.57,0.62,9.8,6,1
449,7,0.51,0.09,2.1,0.062,4,9,0.99584,3.35,0.54,10.5,5,1
450,11.7,0.49,0.49,2.2,0.083,5,15,1,3.19,0.43,9.2,5,1
451,5.5,0.49,0.03,1.8,0.044,28,87,0.9908,3.5,0.82,14,8,1
452,6.6,0.84,0.03,2.3,0.059,32,48,0.9952,3.52,0.56,12.3,7,1
453,11.4,0.6,0.49,2.7,0.085,10,41,0.9994,3.15,0.63,10.5,6,1
454,6.4,0.4,0.23,1.6,0.066,5,12,0.9958,3.34,0.56,9.2,5,1
455,7.5,0.49,0.19,1.9,0.076,10,44,0.9957,3.39,0.54,9.7,5,1
456,10.9,0.32,0.52,1.8,0.132,17,44,0.99734,3.28,0.77,11.5,6,1
457,8.2,0.26,0.34,2.5,0.073,16,47,0.99594,3.4,0.78,11.3,7,1
458,7.4,0.41,0.24,1.8,0.066,18,47,0.9956,3.37,0.62,10.4,5,1
459,8.4,0.65,0.6,2.1,0.112,12,90,0.9973,3.2,0.52,9.2,5,1
460,9.4,0.685,0.11,2.7,0.077,6,31,0.9984,3.19,0.7,10.1,6,1
461,15.5,0.645,0.49,4.2,0.095,10,23,1.00315,2.92,0.74,11.1,5,1
462,6.6,0.61,0.01,1.9,0.08,8,25,0.99746,3.69,0.73,10.5,5,1
463,9.9,0.54,0.45,2.3,0.071,16,40,0.9991,3.39,0.62,9.4,5,1
464,6.1,0.34,0.25,1.8,0.084,4,28,0.99464,3.36,0.44,10.1,5,1
465,11.6,0.32,0.55,2.8,0.081,35,67,1.0002,3.32,0.92,10.8,7,1
466,10.7,0.52,0.38,2.6,0.066,29,56,0.99577,3.15,0.79,12.1,7,1
467,9.1,0.52,0.33,1.3,0.07,9,30,0.9978,3.24,0.6,9.3,5,1
468,8.3,0.42,0.38,2.5,0.094,24,60,0.9979,3.31,0.7,10.8,6,1
469,9.8,1.24,0.34,2,0.079,32,151,0.998,3.15,0.53,9.5,5,1
470,9.3,0.39,0.44,2.1,0.107,34,125,0.9978,3.14,1.22,9.5,5,1
471,5.3,0.47,0.11,2.2,0.048,16,89,0.99182,3.54,0.88,13.56666667,7,1
472,7.1,0.67,0,2.3,0.083,18,27,0.99768,3.44,0.54,9.4,5,1
473,8.3,0.31,0.39,2.4,0.078,17,43,0.99444,3.31,0.77,12.5,7,1
474,7.1,0.46,0.2,1.9,0.077,28,54,0.9956,3.37,0.64,10.4,6,1
475,7.8,0.6,0.26,2,0.08,31,131,0.99622,3.21,0.52,9.9,5,1
476,9.1,0.68,0.11,2.8,0.093,11,44,0.99888,3.31,0.55,9.5,6,1
477,8.7,0.69,0.31,3,0.086,23,81,1.0002,3.48,0.74,11.6,6,1
478,9.9,0.44,0.46,2.2,0.091,10,41,0.99638,3.18,0.69,11.9,6,1
479,8.2,0.34,0.38,2.5,0.08,12,57,0.9978,3.3,0.47,9,6,1
480,9.3,0.36,0.39,1.5,0.08,41,55,0.99652,3.47,0.73,10.9,6,1
481,10.4,0.24,0.49,1.8,0.075,6,20,0.9977,3.18,1.06,11,6,1
482,6,0.5,0,1.4,0.057,15,26,0.99448,3.36,0.45,9.5,5,1
483,10,0.56,0.24,2.2,0.079,19,58,0.9991,3.18,0.56,10.1,6,1
484,7.6,0.735,0.02,2.5,0.071,10,14,0.99538,3.51,0.71,11.7,7,1
485,7.5,0.58,0.2,2,0.073,34,44,0.99494,3.1,0.43,9.3,5,1
486,6.7,0.46,0.24,1.7,0.077,18,34,0.9948,3.39,0.6,10.6,6,1
487,10.3,0.27,0.56,1.4,0.047,3,8,0.99471,3.16,0.51,11.8,6,1
488,6.3,0.98,0.01,2,0.057,15,33,0.99488,3.6,0.46,11.2,6,1
489,10.7,0.43,0.39,2.2,0.106,8,32,0.9986,2.89,0.5,9.6,5,1
490,8.1,0.72,0.09,2.8,0.084,18,49,0.9994,3.43,0.72,11.1,6,1
491,9,0.36,0.52,2.1,0.111,5,10,0.99568,3.31,0.62,11.3,6,1
492,11.5,0.45,0.5,3,0.078,19,47,1.0003,3.26,1.11,11,6,1
493,6.9,0.57,0,2.8,0.081,21,41,0.99518,3.41,0.52,10.8,5,1
494,7.8,0.56,0.12,2,0.082,7,28,0.997,3.37,0.5,9.4,6,1
495,9,0.48,0.32,2.8,0.084,21,122,0.9984,3.32,0.62,9.4,5,1
496,7.9,0.51,0.25,2.9,0.077,21,45,0.9974,3.49,0.96,12.1,6,1
497,6.8,0.785,0,2.4,0.104,14,30,0.9966,3.52,0.55,10.7,6,1
498,9.7,0.69,0.32,2.5,0.088,22,91,0.9979,3.29,0.62,10.1,5,1
499,8.2,0.23,0.42,1.9,0.069,9,17,0.99376,3.21,0.54,12.3,6,1
500,6.7,0.34,0.4,2.1,0.033,34,111,0.98924,2.97,0.48,12.2,7,0
501,9.2,0.35,0.39,0.9,0.042,15,61,0.9924,2.96,0.28,10.4,4,0
502,8,0.33,0.35,10,0.035,22,108,0.99457,3.12,0.36,11.6,6,0
503,7,0.11,0.32,4.6,0.057,59,144,0.9956,3.55,0.44,9.4,7,0
504,6.4,0.34,0.2,14.9,0.06,37,162,0.9983,3.13,0.45,9,4,0
505,6.2,0.21,0.26,13.1,0.05,59,150,0.99772,3.31,0.46,9,5,0
506,5.2,0.38,0.26,7.7,0.053,20,103,0.9925,3.27,0.45,12.2,6,0
507,6.4,0.24,0.49,5.8,0.053,25,120,0.9942,3.01,0.98,10.5,6,0
508,6,0.24,0.27,1.9,0.048,40,170,0.9938,3.64,0.54,10,7,0
509,6.4,0.18,0.74,11.9,0.046,54,168,0.9978,3.58,0.68,10.1,5,0
510,6.4,0.31,0.53,8.8,0.057,36,221,0.99642,3.17,0.44,9.1,5,0
511,6.4,0.32,0.31,1.9,0.037,34,126,0.99,3.06,0.45,11.8,6,0
512,5.9,0.19,0.26,7.4,0.034,33,123,0.995,3.49,0.42,10.1,6,0
513,6.4,0.35,0.51,7.8,0.055,53,177,0.99502,3.12,0.45,9.6,5,0
514,6.5,0.26,0.74,13.3,0.044,68,224,0.9972,3.18,0.54,9.5,6,0
515,8.8,0.39,0.34,5.9,0.055,33,128,0.9927,2.95,0.51,11.8,6,0
516,6.6,0.31,0.49,7.7,0.05,52,220,0.9964,3.12,0.45,8.8,5,0
517,6.2,0.24,0.28,12.2,0.049,54,133,0.9952,3.19,0.37,10.7,6,0
518,6.6,0.2,0.14,4.4,0.184,35,168,0.99396,2.93,0.45,9.4,6,0
519,6.7,0.17,0.5,2.1,0.043,27,122,0.9923,3.15,0.45,10.3,6,0
520,7.1,0.39,0.3,9.9,0.037,29,124,0.99414,3.07,0.42,10.9,6,0
521,7.1,0.16,0.25,1.3,0.034,28,123,0.9915,3.27,0.55,11.4,6,0
522,6.2,0.33,0.19,5.6,0.042,22,143,0.99425,3.15,0.63,9.9,5,0
523,5,0.31,0,6.4,0.046,43,166,0.994,3.3,0.63,9.9,6,0
524,7.2,0.18,0.41,1.2,0.048,41,97,0.9919,3.14,0.45,10.4,5,0
525,7,0.14,0.41,0.9,0.037,22,95,0.9914,3.25,0.43,10.9,6,0
526,7.6,0.27,0.33,2,0.059,19,175,0.9944,3.22,0.56,9.9,5,0
527,7.1,0.12,0.3,3.1,0.018,15,37,0.99004,3.02,0.52,11.9,7,0
528,6.3,0.29,0.4,6.5,0.039,43,167,0.9953,3.15,0.44,9.3,6,0
529,5.7,0.37,0.3,1.1,0.029,24,88,0.98883,3.18,0.39,11.7,6,0
530,7,0.55,0.05,8,0.036,19,164,0.99269,3.26,0.46,12.2,6,0
531,6.7,0.26,0.39,6.4,0.171,64,200,0.99562,3.19,0.38,9.4,6,0
532,6.3,0.39,0.22,2.8,0.048,53,173,0.99304,3.24,0.45,9.8,5,0
533,7.3,0.25,0.26,7.2,0.048,52,207,0.99587,3.12,0.37,9.2,5,0
534,5.7,0.255,0.65,1.2,0.079,17,137,0.99307,3.2,0.42,9.4,5,0
535,6.8,0.25,0.38,8.1,0.046,24,155,0.9956,3.33,0.59,10.2,6,0
536,6.6,0.23,0.18,8.5,0.044,59,188,0.99558,3.16,0.49,9.5,5,0
537,10.2,0.44,0.88,6.2,0.049,20,124,0.9968,2.99,0.51,9.9,4,0
538,6.9,0.23,0.24,14.2,0.053,19,94,0.9982,3.17,0.5,9.6,5,0
539,6.6,0.28,0.42,8.2,0.044,60,196,0.99562,3.14,0.48,9.4,5,0
540,8.2,0.68,0.3,2.1,0.047,17,138,0.995,3.22,0.71,10.8,4,0
541,6.9,0.33,0.28,1.3,0.051,37,187,0.9927,3.27,0.6,10.3,5,0
542,6.9,0.38,0.28,8.3,0.062,22,166,0.99506,3.16,0.72,10.6,5,0
543,9.3,0.31,0.49,1.3,0.042,34,147,0.9948,3.11,0.46,9.8,5,0
544,6.9,0.33,0.31,4.2,0.04,21,93,0.9896,3.18,0.48,13.4,7,0
545,7.7,0.3,0.34,1.2,0.048,4,119,0.99084,3.18,0.34,12.1,6,0
546,5.6,0.19,0.26,1.4,0.03,12,76,0.9905,3.25,0.37,10.9,7,0
547,6.9,0.4,0.37,8.9,0.053,36,148,0.996,3.16,0.5,9.3,5,0
548,6.4,0.15,0.36,1.8,0.034,43,150,0.9922,3.42,0.69,11,8,0
549,7.8,0.34,0.35,1.8,0.042,8,167,0.9908,3.11,0.41,12.1,6,0
550,5.7,0.32,0.5,2.6,0.049,17,155,0.9927,3.22,0.64,10,6,0
551,7.4,0.36,0.23,1.9,0.017,31,69,0.9892,2.93,0.36,12.5,6,0
552,6.6,0.35,0.26,2.7,0.045,19,129,0.98952,3.24,0.48,13,7,0
553,7.2,0.24,0.27,11.4,0.034,40,174,0.99773,3.2,0.44,9,5,0
554,7,0.15,0.28,14.7,0.051,29,149,0.99792,2.96,0.39,9,7,0
555,7.3,0.33,0.4,6.85,0.038,32,138,0.992,3.03,0.3,11.9,7,0
556,6.2,0.28,0.28,4.3,0.026,22,105,0.989,2.98,0.64,13.1,8,0
557,6.5,0.19,0.26,5.2,0.04,31,140,0.995,3.26,0.68,9.5,6,0
558,7.7,0.3,0.42,14.3,0.045,45,213,0.9991,3.18,0.63,9.2,5,0
559,7,0.33,0.78,9.9,0.042,21,251,0.99435,3.01,0.55,11,6,0
560,5.6,0.28,0.4,6.1,0.034,36,118,0.99144,3.21,0.43,12.1,7,0
561,7.7,0.24,0.29,15.3,0.044,39,194,0.9982,3.06,0.47,9.6,7,0
562,6.1,0.28,0.25,17.75,0.044,48,161,0.9993,3.34,0.48,9.5,5,0
563,7.1,0.31,0.17,1,0.042,21,144,0.99304,3.13,0.4,9.6,5,0
564,6.5,0.36,0.49,2.9,0.03,16,94,0.9902,3.1,0.49,12.1,7,0
565,6.1,0.36,0.58,15,0.044,42,115,0.9978,3.15,0.51,9,5,0
566,7.1,0.18,0.49,1.3,0.033,12,72,0.99072,3.05,0.53,11.3,7,0
567,6.1,0.3,0.32,2.2,0.042,41,142,0.98952,3.31,0.44,12.7,7,0
568,6.8,0.43,0.3,3.5,0.033,27,135,0.9906,3,0.37,12,6,0
569,5.3,0.4,0.25,3.9,0.031,45,130,0.99072,3.31,0.58,11.75,7,0
570,6.8,0.26,0.44,8.2,0.046,52,183,0.99584,3.2,0.51,9.4,5,0
571,7.6,0.36,0.49,11.3,0.046,87,221,0.9984,3.01,0.43,9.2,5,0
572,7.3,0.145,0.33,1.1,0.042,14,64,0.99012,3.1,0.37,11.8,7,0
573,6.8,0.21,0.49,14.5,0.06,50,170,0.9991,3.55,0.44,9.8,6,0
574,6.2,0.22,0.28,2.2,0.04,24,125,0.9917,3.19,0.48,10.5,6,0
575,6,0.26,0.34,1.3,0.046,6,29,0.9924,3.29,0.63,10.4,5,0
576,6,0.29,0.41,10.8,0.048,55,149,0.9937,3.09,0.59,11,7,0
577,7.6,0.27,0.29,2.5,0.059,37,115,0.99328,3.09,0.37,9.8,5,0
578,6.6,0.22,0.53,15.1,0.052,22,136,0.9986,2.94,0.35,9.4,5,0
579,7.2,0.29,0.18,8.2,0.042,41,180,0.99644,3.16,0.49,9.1,5,0
580,7.5,0.16,0.38,12.7,0.043,70.5,163,0.99706,3.15,0.82,10.4,7,0
581,6.2,0.3,0.17,2.8,0.04,24,125,0.9939,3.01,0.46,9,5,0
582,6.7,0.36,0.28,8.3,0.034,29,81,0.99151,2.96,0.39,12.5,6,0
583,7.4,0.28,0.5,12.1,0.049,48,122,0.9973,3.01,0.44,9,5,0
584,5.6,0.15,0.31,5.3,0.038,8,79,0.9923,3.3,0.39,10.5,6,0
585,6.7,0.45,0.3,5.3,0.036,27,165,0.99122,3.12,0.46,12.2,6,0
586,6.1,0.24,0.27,9.8,0.062,33,152,0.9966,3.31,0.47,9.5,6,0
587,6.3,0.22,0.34,1.2,0.036,32,96,0.98961,3.06,0.74,11.6,6,0
588,6.3,0.37,0.28,6.3,0.034,45,152,0.9921,3.29,0.46,11.6,7,0
589,7.1,0.29,0.49,1.2,0.031,32,99,0.9893,3.07,0.33,12.2,6,0
590,6.2,0.36,0.14,8.9,0.036,38,155,0.99622,3.27,0.5,9.4,5,0
591,8.7,0.3,0.34,4.8,0.018,23,127,0.99474,3.12,0.49,11.2,7,0
592,11.8,0.23,0.38,11.1,0.034,15,123,0.9997,2.93,0.55,9.7,3,0
593,7.2,0.27,0.31,1.2,0.031,27,80,0.98892,3.03,0.33,12.7,6,0
594,6.7,0.22,0.39,10.2,0.038,60,149,0.99725,3.17,0.54,10,7,0
595,6.6,0.22,0.37,1.2,0.059,45,199,0.993,3.37,0.55,10.3,7,0
596,6,0.31,0.24,3.3,0.041,25,143,0.9914,3.31,0.44,11.3,6,0
597,7.1,0.31,0.5,14.5,0.059,6,148,0.9983,2.94,0.44,9.1,5,0
598,7.6,0.445,0.44,14.5,0.045,68,212,0.9986,3.48,0.36,10,6,0
599,9.2,0.71,0.23,6.2,0.042,15,93,0.9948,2.89,0.34,10.1,6,0
600,6.1,0.29,0.27,1.7,0.024,13,76,0.9893,3.21,0.51,12.6,7,0
601,6.4,0.105,0.29,1.1,0.035,44,140,0.99142,3.17,0.55,10.7,7,0
602,6.5,0.17,0.31,1.5,0.041,34,121,0.99092,3.06,0.46,10.5,6,0
603,6.5,0.16,0.33,1,0.027,23,75,0.9908,3.3,0.39,11.4,7,0
604,5,0.35,0.25,7.8,0.031,24,116,0.99241,3.39,0.4,11.3,6,0
605,6.2,0.22,0.28,2.2,0.04,24,125,0.9917,3.19,0.48,10.5,6,0
606,6.4,0.22,0.34,1.8,0.057,29,104,0.9959,3.81,0.57,10.3,6,0
607,7.1,0.44,0.27,8.4,0.057,60,160,0.99257,3.16,0.36,11.8,6,0
608,5.1,0.305,0.13,1.75,0.036,17,73,0.99,3.4,0.51,12.33333333,5,0
609,6.9,0.34,0.74,11.2,0.069,44,150,0.9968,3,0.81,9.2,5,0
610,7.8,0.21,0.34,11.9,0.039,55,140,0.9959,3.02,0.31,10.3,6,0
611,7,0.24,0.3,4.2,0.04,41,213,0.9927,3.28,0.49,11.8,6,0
612,6.9,0.49,0.24,1.2,0.049,13,125,0.9932,3.17,0.51,9.4,5,0
613,5.2,0.44,0.04,1.4,0.036,43,119,0.9894,3.36,0.33,12.1,8,0
614,6,0.17,0.29,9.7,0.044,33,98,0.99536,3.12,0.36,9.2,6,0
615,6.5,0.27,0.19,4.2,0.046,6,114,0.9955,3.25,0.35,8.6,4,0
616,7.3,0.27,0.39,6.7,0.064,28,188,0.9958,3.29,0.3,9.7,5,0
617,6.7,0.31,0.18,7.7,0.043,57,200,0.99566,3.17,0.44,9.4,6,0
618,6.1,0.34,0.21,5,0.042,17,133,0.99373,3.02,0.53,9.4,5,0
619,6.6,0.4,0.32,1.7,0.035,39,84,0.99096,3.59,0.48,12.7,7,0
620,7.3,0.18,0.29,1,0.036,26,101,0.99,3.09,0.37,11.7,6,0
621,6.6,0.26,0.46,6.9,0.047,59,183,0.99594,3.2,0.45,9.3,5,0
622,6.7,0.29,0.49,4.7,0.034,35,156,0.9945,3.13,0.45,9.9,6,0
623,6.8,0.27,0.3,13,0.047,69,160,0.99705,3.16,0.5,9.6,6,0
624,7.4,0.28,0.42,19.8,0.066,53,195,1,2.96,0.44,9.1,5,0
625,5.7,0.21,0.25,1.1,0.035,26,81,0.9902,3.31,0.52,11.4,6,0
626,6.4,0.22,0.32,12,0.066,57,158,0.9992,3.6,0.43,9,6,0
627,6.9,0.54,0.26,12.7,0.049,59,195,0.99596,3.26,0.54,10.5,6,0
628,7.9,0.26,0.41,15.15,0.04,38,216,0.9976,2.96,0.6,10,6,0
629,6.6,0.39,0.28,9.2,0.036,10,92,0.99206,3.07,0.35,12.1,6,0
630,6.8,0.34,0.27,5.2,0.06,14,169,0.99252,3.27,0.57,11.6,6,0
631,7,0.32,0.29,4.9,0.036,41,150,0.99168,3.38,0.43,12.2,6,0
632,5.7,0.22,0.22,16.65,0.044,39,110,0.99855,3.24,0.48,9,6,0
633,6.3,0.28,0.22,9.5,0.04,30,111,0.99338,3.05,0.31,10.8,4,0
634,6,0.14,0.17,5.6,0.036,37,127,0.99373,3.05,0.57,9.8,6,0
635,5.9,0.21,0.31,1.8,0.033,45,142,0.98984,3.35,0.5,12.7,6,0
636,5.8,0.17,0.34,1.8,0.045,96,170,0.99035,3.38,0.9,11.8,8,0
637,7.6,0.27,0.29,2.5,0.059,37,115,0.99328,3.09,0.37,9.8,5,0
638,5,0.33,0.23,11.8,0.03,23,158,0.99322,3.41,0.64,11.8,6,0
639,5.7,0.33,0.32,1.4,0.043,28,93,0.9897,3.31,0.5,12.3,6,0
640,9.2,0.23,0.3,1.1,0.031,40,99,0.9929,2.94,0.3,10.4,6,0
641,7.4,0.16,0.3,1.4,0.064,34,166,0.99136,3.11,0.42,11.43333333,6,0
642,8.2,0.61,0.45,5.4,0.03,15,118,0.9954,3.14,0.34,9.6,5,0
643,6.2,0.23,0.36,17.2,0.039,37,130,0.99946,3.23,0.43,8.8,6,0
644,6.6,0.16,0.3,1.6,0.034,15,78,0.992,3.38,0.44,11.2,6,0
645,6.5,0.27,0.26,8.2,0.042,21,133,0.99612,3.43,0.64,9.8,6,0
646,7.4,0.24,0.4,4.3,0.032,9,95,0.992,3.09,0.39,11.1,6,0
647,6.8,0.26,0.56,11.9,0.043,64,226,0.997,3.02,0.63,9.3,5,0
648,7.8,0.49,0.49,7,0.043,29,149,0.9952,3.21,0.33,10,5,0
649,6.2,0.34,0.28,7.5,0.034,40,197,0.99485,3.14,0.6,9.7,5,0
650,6.4,0.26,0.21,8.2,0.05,51,182,0.99542,3.23,0.48,9.5,5,0
651,8.3,0.36,0.57,15,0.052,35,256,1.0001,2.93,0.64,8.6,5,0
652,7,0.27,0.32,6.8,0.047,47,193,0.9938,3.23,0.39,11.4,6,0
653,6.7,0.18,0.25,14.3,0.048,79,149,0.9975,3.12,0.37,9.7,5,0
654,6.2,0.34,0.25,12.1,0.059,33,171,0.99769,3.14,0.56,8.7,6,0
655,7.1,0.28,0.31,1.5,0.053,20,98,0.99069,3.15,0.5,11.4,5,0
656,7.2,0.16,0.49,1.3,0.037,27,104,0.9924,3.23,0.57,10.6,6,0
657,6.5,0.29,0.25,2.5,0.142,8,111,0.9927,3,0.44,9.9,4,0
658,6.4,0.26,0.22,5.1,0.037,23,131,0.9944,3.29,0.32,10.1,5,0
659,7,0.13,0.37,12.85,0.042,36,105,0.99581,3.05,0.55,10.7,6,0
660,7.3,0.26,0.49,5,0.028,32,107,0.9936,3.24,0.54,10.8,6,0
661,6,0.2,0.25,2,0.041,30,95,0.99078,3.27,0.56,11.1,6,0
662,6.6,0.22,0.29,14.4,0.046,39,118,0.99834,3.05,0.5,9.1,6,0
663,8,0.32,0.36,4.6,0.042,56,178,0.9928,3.29,0.47,12,6,0
664,7.3,0.2,0.44,1.4,0.045,21,98,0.9924,3.15,0.46,10,7,0
665,6.1,0.27,0.31,1.5,0.035,17,83,0.99076,3.32,0.44,11.1,7,0
666,6.7,0.19,0.41,15.6,0.056,75,155,0.9995,3.2,0.44,8.8,6,0
667,7.1,0.43,0.3,6.6,0.025,15,138,0.99126,3.18,0.46,12.6,6,0
668,6.9,0.23,0.34,4,0.047,24,128,0.9944,3.2,0.52,9.7,6,0
669,6.5,0.19,0.3,0.8,0.043,33,144,0.9936,3.42,0.39,9.1,6,0
670,9.8,0.42,0.48,9.85,0.034,5,110,0.9958,2.87,0.29,10,5,0
671,6.2,0.24,0.22,7.9,0.053,45,149,0.99545,3.23,0.52,9.3,5,0
672,6.5,0.13,0.37,1,0.036,48,114,0.9911,3.41,0.51,11.5,8,0
673,6.3,0.22,0.3,2,0.05,23,120,0.99204,3.24,0.47,10.4,6,0
674,5.3,0.3,0.16,4.2,0.029,37,100,0.9905,3.3,0.36,11.8,8,0
675,6.5,0.25,0.32,9.9,0.045,41,128,0.99636,3.18,0.52,9.6,6,0
676,5.1,0.29,0.28,8.3,0.026,27,107,0.99308,3.36,0.37,11,6,0
677,6.3,0.305,0.22,16,0.061,26,141,0.99824,3.08,0.5,9.1,5,0
678,6.2,0.3,0.31,1.2,0.048,19,125,0.98999,3.32,0.54,12.6,6,0
679,6.8,0.37,0.28,4,0.03,29,79,0.99,3.23,0.46,12.4,7,0
680,7.4,0.21,0.27,1.2,0.041,27,99,0.9927,3.19,0.33,9.8,6,0
681,6.3,0.22,0.43,4.55,0.038,31,130,0.9918,3.35,0.33,11.5,7,0
682,8,0.25,0.26,14,0.043,41,248,0.9986,3.03,0.57,8.7,6,0
683,7.6,0.23,0.64,12.9,0.033,54,170,0.998,3,0.53,8.8,5,0
684,7.2,0.39,0.63,11,0.044,55,156,0.9974,3.09,0.44,8.7,6,0
685,7.8,0.32,0.33,2.4,0.037,18,101,0.9912,3.21,0.65,11.7,7,0
686,6.3,0.33,0.2,17.9,0.066,36,161,0.9991,3.14,0.51,8.8,5,0
687,6.4,0.28,0.41,6.8,0.045,61,216,0.9952,3.09,0.46,9.4,5,0
688,6.7,0.19,0.34,1,0.022,22,94,0.9912,3.23,0.57,11.1,6,0
689,8.5,0.16,0.33,1,0.076,17,57,0.9921,3.14,0.46,10.6,6,0
690,6.9,0.3,0.36,4.5,0.054,31,203,0.99513,3.4,0.57,10.4,4,0
691,7.2,0.21,1,1.1,0.154,46,114,0.9931,2.95,0.43,9.2,6,0
692,7.9,0.345,0.51,15.3,0.047,54,171,0.9987,3.09,0.51,9.1,5,0
693,6,0.22,0.28,1.1,0.034,47,90,0.98862,3.22,0.38,12.6,6,0
694,7.6,0.27,0.34,5,0.04,18,56,0.99084,3.06,0.48,12.4,6,0
695,7,0.19,0.23,5.7,0.123,27,104,0.9954,3.04,0.54,9.4,6,0
696,6.3,0.34,0.29,6.2,0.046,29,227,0.9952,3.29,0.53,10.1,6,0
697,7,0.19,0.23,5.7,0.123,27,104,0.9954,3.04,0.54,9.4,6,0
698,7.5,0.2,0.41,1.2,0.05,26,131,0.99133,3.19,0.52,11.1,5,0
699,6,0.27,0.4,1.7,0.021,18,82,0.9891,3.24,0.95,13.13333333,6,0
700,6.5,0.22,0.19,4.5,0.096,16,115,0.9937,3.02,0.44,9.6,5,0
701,5,0.61,0.12,1.3,0.009,65,100,0.9874,3.26,0.37,13.5,5,0
702,7.7,0.32,0.62,10.6,0.036,56,153,0.9978,3.13,0.44,8.9,6,0
703,7.1,0.39,0.79,1.4,0.194,23,90,0.99212,3.17,0.46,10.5,6,0
704,7,0.35,0.3,6.5,0.028,27,87,0.9936,3.4,0.42,11.4,7,0
705,6.9,0.19,0.33,1.6,0.043,63,149,0.9925,3.44,0.52,10.8,5,0
706,7,0.23,0.28,2.7,0.053,16,92,0.99372,3.18,0.56,9.3,5,0
707,7.2,0.23,0.19,13.7,0.052,47,197,0.99865,3.12,0.53,9,5,0
708,6.3,0.21,0.29,11.7,0.048,49,147,0.99482,3.22,0.38,10.8,5,0
709,5.8,0.27,0.2,14.95,0.044,22,179,0.9962,3.37,0.37,10.2,5,0
710,6.8,0.14,0.18,1.4,0.047,30,90,0.99164,3.27,0.54,11.2,6,0
711,6.8,0.26,0.26,2,0.019,23.5,72,0.99041,3.16,0.47,11.8,6,0
712,7.1,0.21,0.31,3.8,0.021,40,142,0.99215,3.17,0.39,10.8,7,0
713,7.5,0.27,0.36,7,0.036,45,164,0.9939,3.03,0.33,11,5,0
714,7.6,0.3,0.27,10.6,0.039,31,119,0.99815,3.27,0.3,9.3,6,0
715,6.4,0.25,0.74,7.8,0.045,52,209,0.9956,3.21,0.42,9.2,6,0
716,6.8,0.18,0.28,9.8,0.039,29,113,0.99406,3.11,0.45,10.9,7,0
717,6.6,0.18,0.26,17.3,0.051,17,149,0.9984,3,0.43,9.4,6,0
718,6.9,0.19,0.35,13.5,0.038,49,118,0.99546,3,0.63,10.7,6,0
719,6.9,0.4,0.3,10.6,0.033,24,87,0.99265,3.15,0.45,12.8,6,0
720,7.4,0.21,0.27,7.3,0.031,41,144,0.9932,3.15,0.38,11.8,7,0
721,6.7,0.26,0.39,1.1,0.04,45,147,0.9935,3.32,0.58,9.6,8,0
722,7.2,0.25,0.19,8,0.044,51,172,0.9964,3.16,0.44,9.2,5,0
723,5.8,0.21,0.32,1.6,0.045,38,95,0.98946,3.23,0.94,12.4,8,0
724,7.5,0.22,0.33,6.7,0.036,45,138,0.9939,3.2,0.68,11.4,6,0
725,5.6,0.205,0.16,12.55,0.051,31,115,0.99564,3.4,0.38,10.8,6,0
726,6.2,0.27,0.32,8.8,0.047,65,224,0.9961,3.17,0.47,8.9,5,0
727,5.6,0.28,0.27,3.9,0.043,52,158,0.99202,3.35,0.44,10.7,7,0
728,9.2,0.34,0.27,1.2,0.026,17,73,0.9921,3.08,0.39,10.8,5,0
729,7.2,0.24,0.36,2,0.029,21,63,0.99076,3.13,0.63,12.5,6,0
730,5.1,0.21,0.28,1.4,0.047,48,148,0.99168,3.5,0.49,10.4,5,0
731,6.9,0.3,0.25,3.3,0.041,26,124,0.99428,3.18,0.5,9.3,6,0
732,5.8,0.29,0.33,3.7,0.029,30,88,0.98994,3.25,0.42,12.3,6,0
733,7.8,0.28,0.32,9,0.036,34,115,0.9952,3.17,0.39,10.3,7,0
734,6.1,0.24,0.26,1.7,0.033,61,134,0.9903,3.19,0.81,11.9,7,0
735,8.4,0.16,0.33,1.5,0.033,16,98,0.994,3.14,0.42,9.7,6,0
736,6.2,0.41,0.22,1.9,0.023,5,56,0.98928,3.04,0.79,13,7,0
737,6.9,0.2,0.34,1.9,0.043,25,136,0.9935,3.31,0.6,10.1,4,0
738,6.8,0.22,0.35,5.5,0.043,21,114,0.9938,3.3,0.53,10.7,7,0
739,8.1,0.27,0.41,1.45,0.033,11,63,0.9908,2.99,0.56,12,5,0
740,6.6,0.29,0.44,9,0.053,62,178,0.99685,3.02,0.45,8.9,5,0
741,6.6,0.43,0.24,11.9,0.04,54,159,0.99622,3.14,0.54,9.8,6,0
742,6,0.45,0.65,9.7,0.08,11,159,0.9956,3.04,0.48,9.4,5,0
743,6.5,0.23,0.36,16.3,0.038,43,133,0.99924,3.26,0.41,8.8,5,0
744,7.6,0.3,0.37,1.6,0.087,27,177,0.99438,3.09,0.5,9.8,5,0
745,6.2,0.38,0.18,7.4,0.095,28,195,0.99773,3.53,0.71,9.2,4,0
746,7.3,0.24,0.39,17.95,0.057,45,149,0.9999,3.21,0.36,8.6,5,0
747,6.3,0.26,0.42,7.1,0.045,62,209,0.99544,3.2,0.53,9.5,6,0
748,7.2,0.32,0.4,8.7,0.038,45,154,0.99568,3.2,0.47,10.4,6,0
749,7.7,0.27,0.61,12,0.046,64,179,0.9982,3.07,0.46,8.9,5,0
750,6.7,0.23,0.42,11.2,0.047,52,171,0.99758,3.54,0.74,10.4,5,0
751,7.4,0.28,0.25,11.9,0.053,25,148,0.9976,3.1,0.62,9.2,5,0
752,7.8,0.26,0.31,3.6,0.025,22,100,0.99066,2.99,0.47,12.1,7,0
753,6,0.18,0.31,1.4,0.036,14,75,0.99085,3.34,0.58,11.1,8,0
754,6.8,0.26,0.22,4.8,0.041,110,198,0.99437,3.29,0.67,10.6,5,0
755,6.8,0.31,0.3,8,0.028,33,122,0.99164,3.13,0.63,12.6,7,0
756,8.4,0.32,0.35,11.7,0.029,3,46,0.99439,3.02,0.34,11.8,6,0
757,6.3,0.22,0.27,4.5,0.036,81,157,0.9928,3.05,0.76,10.7,7,0
758,7.9,0.36,0.53,12.9,0.049,63,139,0.99792,2.94,0.45,9.1,5,0
759,5.7,0.2,0.24,13.8,0.047,44,112,0.99837,2.97,0.66,8.8,6,0
760,6.3,0.3,0.19,7.7,0.049,47,184,0.99514,3.22,0.48,9.5,5,0
761,7,0.35,0.31,1.8,0.069,15,162,0.9944,3.18,0.47,9.4,5,0
762,6.3,0.26,0.25,7.8,0.058,44,166,0.9961,3.24,0.41,9,5,0
763,6.3,0.29,0.14,7.05,0.045,50,177,0.99564,3.23,0.42,9,5,0
764,5.8,0.25,0.28,11.1,0.056,45,175,0.99755,3.42,0.43,9.5,5,0
765,6.4,0.29,0.3,2.9,0.036,25,79,0.99037,3.29,0.6,12.4,7,0
766,6.2,0.31,0.21,6.3,0.041,50,218,0.9941,3.15,0.6,10,5,0
767,6.9,0.41,0.33,10.1,0.043,28,152,0.9968,3.2,0.52,9.4,5,0
768,7,0.15,0.3,13.3,0.049,46,120,0.99704,3.2,0.36,9.5,7,0
769,6.7,0.28,0.34,8.9,0.048,32,111,0.99455,3.25,0.54,11,7,0
770,5.2,0.24,0.45,3.8,0.027,21,128,0.992,3.55,0.49,11.2,8,0
771,7.3,0.13,0.27,4.6,0.08,34,172,0.9938,3.23,0.39,11.1,7,0
772,5.4,0.24,0.18,2.3,0.05,22,145,0.99207,3.24,0.46,10.3,5,0
773,8.1,0.29,0.49,7.1,0.042,22,124,0.9944,3.14,0.41,10.8,6,0
774,6.4,0.23,0.35,4.6,0.039,43,147,0.99216,3.18,0.4,11,7,0
775,8.4,0.17,0.31,6.7,0.038,29,132,0.9945,3.1,0.32,10.6,7,0
776,6.6,0.24,0.24,8.6,0.034,25,135,0.99582,3.33,0.59,10.3,6,0
777,5.8,0.3,0.38,4.9,0.039,22,86,0.98963,3.23,0.58,13.1,7,0
778,6.9,0.25,0.26,5.2,0.024,36,135,0.9948,3.16,0.72,10.7,7,0
779,7,0.28,0.33,14.6,0.043,47,168,0.9994,3.34,0.67,8.8,6,0
780,6.2,0.3,0.17,2.8,0.04,24,125,0.9939,3.01,0.46,9,5,0
781,6.1,0.33,0.3,3,0.036,30,124,0.98922,3.31,0.4,13.1,7,0
782,7.2,0.23,0.39,14.2,0.058,49,192,0.9979,2.98,0.48,9,7,0
783,8.1,0.26,0.37,1.9,0.072,48,159,0.9949,3.37,0.7,10.9,6,0
784,7.1,0.21,0.4,1.2,0.069,24,156,0.9928,3.42,0.43,10.6,6,0
785,6.7,0.12,0.36,2.3,0.039,43,125,0.99229,3.07,0.67,10.1,7,0
786,6.6,0.22,0.28,4.9,0.042,51,180,0.9952,3.3,0.75,9.5,6,0
787,7.2,0.27,0.28,15.2,0.046,6,41,0.99665,3.17,0.39,10.9,6,0
788,8,0.26,0.28,8.2,0.038,72,202,0.99566,3.12,0.56,10,6,0
789,6.2,0.21,0.34,6.6,0.03,36,91,0.9914,3.32,0.45,12.5,7,0
790,6.6,0.23,0.32,0.9,0.041,25,79,0.9926,3.39,0.54,10.2,7,0
791,6.7,0.25,0.74,19.4,0.054,44,169,1.0004,3.51,0.45,9.8,6,0
792,7.5,0.18,0.31,6.5,0.029,53,160,0.99276,3.03,0.38,10.9,6,0
793,6.8,0.2,0.28,12.6,0.048,54,136,0.99556,3.19,0.37,10.7,6,0
794,6.3,0.35,0.3,5.7,0.035,8,97,0.9927,3.27,0.41,11,7,0
795,6.3,0.34,0.33,4.6,0.034,19,80,0.9917,3.38,0.58,12,7,0
796,6,0.37,0.32,1,0.053,31,218.5,0.9924,3.29,0.72,9.8,6,0
797,6.2,0.21,0.29,1.6,0.039,24,92,0.99114,3.27,0.5,11.2,6,0
798,6.1,0.28,0.24,19.95,0.074,32,174,0.99922,3.19,0.44,9.3,6,0
799,6.9,0.24,0.37,6.1,0.027,38,112,0.99086,3.19,0.34,12.4,6,0
800,7.1,0.43,0.61,11.8,0.045,54,155,0.9974,3.11,0.45,8.7,5,0
801,6.3,0.16,0.4,1.6,0.033,59,148,0.9914,3.44,0.53,11.4,5,0
802,6.4,0.27,0.49,7.3,0.046,53,206,0.9956,3.24,0.43,9.2,6,0
803,5.8,0.28,0.66,9.1,0.039,26,159,0.9965,3.66,0.55,10.8,5,0
804,7.4,0.56,0.09,1.5,0.071,19,117,0.99496,3.22,0.53,9.8,5,0
805,7.8,0.3,0.74,1.8,0.033,33,156,0.991,3.29,0.52,12.8,6,0
806,6.3,0.19,0.32,2.8,0.046,18,80,0.99043,2.92,0.47,11.05,6,0
807,6.4,0.22,0.38,9.1,0.044,35,127,0.99326,2.97,0.3,11,7,0
808,6.2,0.21,0.28,5.7,0.028,45,121,0.99168,3.21,1.08,12.15,7,0
809,5.6,0.245,0.25,9.7,0.032,12,68,0.994,3.31,0.34,10.5,5,0
810,6.2,0.35,0.2,18.1,0.069,33,158,0.99908,3.15,0.5,8.8,6,0
811,6.4,0.22,0.32,7.9,0.029,34,124,0.9948,3.4,0.39,10.2,5,0
812,7.9,0.14,0.28,1.8,0.041,44,178,0.9954,3.45,0.43,9.2,6,0
813,7.4,0.2,0.28,9.1,0.047,29,95,0.99532,3.16,0.47,9.8,7,0
814,6.4,0.32,0.23,16.2,0.055,36,176,0.9986,3.26,0.54,9.1,5,0
815,6.4,0.29,0.21,9.65,0.041,36,119,0.99334,2.99,0.34,10.93333333,6,0
816,8.8,0.28,0.45,6,0.022,14,49,0.9934,3.01,0.33,11.1,7,0
817,6.5,0.26,0.34,16.3,0.051,56,197,1.0004,3.49,0.42,9.8,5,0
818,6.3,0.17,0.23,5.7,0.048,44,147,0.99382,3.08,0.54,10,5,0
819,4.8,0.26,0.23,10.6,0.034,23,111,0.99274,3.46,0.28,11.5,7,0
820,8.4,0.58,0.27,12.15,0.033,37,116,0.9959,2.99,0.39,10.8,6,0
821,7.6,0.51,0.24,1.2,0.04,10,104,0.992,3.05,0.29,10.8,6,0
822,7.5,0.27,0.31,5.8,0.057,131,313,0.9946,3.18,0.59,10.5,5,0
823,7.3,0.36,0.62,7.1,0.033,48,185,0.99472,3.14,0.62,10.6,6,0
824,6,0.35,0.46,0.9,0.033,9,65,0.98934,3.24,0.35,12.1,4,0
825,6.8,0.32,0.32,8.7,0.029,31,105,0.99146,3,0.34,12.3,7,0
826,5.9,0.34,0.3,3.8,0.035,57,135,0.99016,3.09,0.34,12,6,0
827,6.8,0.28,0.17,13.9,0.047,49,162,0.9983,3.21,0.51,9,6,0
828,6.2,0.16,0.33,1.1,0.057,21,82,0.991,3.32,0.46,10.9,7,0
829,6.8,0.27,0.49,1.2,0.044,35,126,0.99,3.13,0.48,12.1,7,0
830,7.6,0.48,0.33,7,0.024,14,130,0.9918,3.25,0.45,12.5,7,0
831,7.1,0.2,0.27,9.6,0.037,19,105,0.99444,3.04,0.37,10.5,7,0
832,6.6,0.24,0.3,13,0.052,18,143,0.99825,3.37,0.49,9.4,6,0
833,6.5,0.08,0.33,1.9,0.028,23,93,0.991,3.34,0.7,12,7,0
834,6.4,0.25,0.74,7.8,0.045,52,209,0.9956,3.21,0.42,9.2,6,0
835,6.6,0.32,0.24,1.3,0.06,42.5,204,0.99512,3.59,0.51,9.2,5,0
836,7.3,0.3,0.25,2.5,0.045,32,122,0.99329,3.18,0.54,10.3,5,0
837,6.3,0.24,0.29,1.6,0.052,48,185,0.9934,3.21,0.5,9.4,5,0
838,6.6,0.26,0.56,15.4,0.053,32,141,0.9981,3.11,0.49,9.3,5,0
839,6.7,0.18,0.28,10.2,0.039,29,115,0.99469,3.11,0.45,10.9,7,0
840,6.7,0.24,0.41,9.4,0.04,49,166,0.9954,3.12,0.61,9.9,6,0
841,5.8,0.2,0.34,1,0.035,40,86,0.98993,3.5,0.42,11.7,5,0
842,6.9,0.2,0.36,1.5,0.031,38,147,0.9931,3.35,0.56,11,6,0
843,7.4,0.28,0.3,5.3,0.054,44,161,0.9941,3.12,0.48,10.3,6,0
844,6.7,0.2,0.24,6.5,0.044,28,100,0.99348,3.12,0.33,10.2,6,0
845,7.3,0.25,0.36,2.1,0.034,30,177,0.99085,3.25,0.4,11.9,8,0
846,7.3,0.22,0.31,2.3,0.018,45,80,0.98936,3.06,0.34,12.9,7,0
847,7,0.18,0.37,1.5,0.043,16,104,0.99216,3.18,0.5,10.8,5,0
848,6.5,0.15,0.32,1.3,0.036,19,76,0.98964,3.18,0.41,12.3,6,0
849,6.1,0.6,0,1.3,0.042,24,79,0.9937,3.31,0.38,9.4,4,0
850,6.4,0.3,0.16,7.5,0.05,55,191,0.9959,3.17,0.49,9,5,0
851,7.7,0.28,0.35,15.3,0.056,31,117,0.9998,3.27,0.5,9.6,5,0
852,6,0.38,0.26,3.5,0.035,38,111,0.98872,3.18,0.47,13.6,7,0
853,6,0.1,0.24,1.1,0.041,15,65,0.9927,3.61,0.61,10.3,7,0
854,6.4,0.15,0.29,1.8,0.044,21,115,0.99166,3.1,0.38,10.2,5,0
855,7.4,0.33,0.26,15.6,0.049,67,210,0.99907,3.06,0.68,9.5,5,0
856,5,0.33,0.16,1.5,0.049,10,97,0.9917,3.48,0.44,10.7,6,0
857,7,0.21,0.31,6,0.046,29,108,0.9939,3.26,0.5,10.8,6,0
858,6.1,0.32,0.25,1.7,0.034,37,136,0.992,3.47,0.5,10.8,7,0
859,7.2,0.32,0.33,1.4,0.029,29,109,0.9902,3.15,0.51,12.8,7,0
860,6.2,0.38,0.42,2.5,0.038,34,117,0.99132,3.36,0.59,11.6,7,0
861,6.4,0.33,0.31,5.5,0.048,42,173,0.9951,3.19,0.66,9.3,6,0
862,6.8,0.37,0.67,1.5,0.175,16,98,0.99244,3.06,0.56,10.3,6,0
863,7.5,0.28,0.78,12.1,0.041,53,161,0.99838,2.98,0.44,8.7,5,0
864,6.3,0.27,0.38,0.9,0.051,7,140,0.9926,3.45,0.5,10.5,7,0
865,6.1,0.31,0.26,2.2,0.051,28,167,0.9926,3.37,0.47,10.4,6,0
866,9.2,0.18,0.49,1.5,0.041,39,130,0.9945,3.04,0.49,9.8,7,0
867,6.8,0.23,0.29,15.4,0.073,56,173,0.9984,3.06,0.41,8.7,6,0
868,7.4,0.19,0.49,6.7,0.037,15,110,0.9938,3.2,0.38,11,7,0
869,7.1,0.26,0.32,16.2,0.044,31,170,0.99644,3.17,0.37,11.2,5,0
870,7.6,0.18,0.36,2.4,0.049,38,123,0.996,3.6,0.46,10.3,5,0
871,5,0.235,0.27,11.75,0.03,34,118,0.9954,3.07,0.5,9.4,6,0
872,7.1,0.44,0.37,2.7,0.041,35,128,0.9896,3.07,0.43,13.5,7,0
873,7.9,0.27,0.27,1.7,0.034,25,122,0.99088,2.97,0.51,11.9,6,0
874,6.7,0.11,0.34,8.8,0.043,41,113,0.9962,3.42,0.4,9.3,7,0
875,7.6,0.52,0.49,14,0.034,37,156,0.9958,3.14,0.38,11.8,7,0
876,6.5,0.4,0.31,3.5,0.046,22,147,0.99024,3.15,0.31,12,7,0
877,6.7,0.18,0.31,10.6,0.035,42,143,0.99572,3.08,0.49,9.8,7,0
878,7.9,0.34,0.44,6.5,0.027,47,126,0.99124,2.96,0.37,12.5,6,0
879,7.7,0.23,0.31,10.7,0.038,59,186,0.9969,3.12,0.55,9.5,6,0
880,6.9,0.19,0.33,1.6,0.039,27,98,0.9898,3.09,0.46,12.3,7,0
881,7.5,0.14,0.34,1.3,0.055,50,153,0.9945,3.29,0.8,9.6,6,0
882,6.7,0.33,0.49,1.6,0.167,20,94,0.9914,3.11,0.5,11.4,6,0
883,8.6,0.33,0.34,11.8,0.059,42,240,0.99882,3.17,0.52,10,6,0
884,6.7,0.2,0.24,6.5,0.044,28,100,0.99348,3.12,0.33,10.2,6,0
885,3.8,0.31,0.02,11.1,0.036,20,114,0.99248,3.75,0.44,12.4,6,0
886,6,0.22,0.33,12.2,0.033,25,97,0.99356,3.17,0.42,11.3,7,0
887,6.4,0.44,0.44,14.4,0.048,29,228,0.99955,3.26,0.54,8.8,7,0
888,7.2,0.26,0.44,7.1,0.027,25,126,0.993,3.02,0.34,11.1,8,0
889,6.6,0.25,0.25,1.3,0.04,28,85,0.98984,2.87,0.48,11.2,6,0
890,5.5,0.18,0.22,5.5,0.037,10,86,0.99156,3.46,0.44,12.2,5,0
891,8.9,0.34,0.34,1.6,0.056,13,176,0.9946,3.14,0.47,9.7,5,0
892,8.6,0.16,0.38,3.4,0.04,41,143,0.9932,2.95,0.39,10.2,6,0
893,7.9,0.18,0.37,3,0.061,25,178,0.995,3.22,0.51,10,6,0
894,6.3,0.34,0.36,4.9,0.035,31,185,0.9946,3.15,0.49,9.7,5,0
895,7,0.22,0.26,9.2,0.027,37,122,0.99228,3.06,0.34,12.5,8,0
896,6.8,0.15,0.41,12.9,0.044,79.5,183,0.99742,3.24,0.78,10.2,6,0
897,6.4,0.29,0.32,2.4,0.014,34,89,0.99008,3.24,0.66,12.5,7,0
898,5.1,0.11,0.32,1.6,0.028,12,90,0.99008,3.57,0.52,12.2,6,0
899,6.8,0.2,0.36,1.6,0.028,7,46,0.99175,3.21,0.6,10.9,6,0
900,7.5,0.33,0.36,2.6,0.051,26,126,0.99097,3.32,0.53,12.7,6,0
901,6.1,0.28,0.24,19.95,0.074,32,174,0.99922,3.19,0.44,9.3,6,0
902,7.7,0.27,0.34,1.8,0.028,26,168,0.9911,2.99,0.48,12.1,7,0
903,5.8,0.26,0.3,2.6,0.034,75,129,0.9902,3.2,0.38,11.5,4,0
904,6.1,0.38,0.42,5,0.016,31,113,0.99007,3.15,0.31,12.4,7,0
905,7.8,0.18,0.46,13.6,0.052,38,118,0.998,3.15,0.5,10,6,0
906,6.1,0.2,0.17,1.6,0.048,46,129,0.991,3.3,0.43,11.4,6,0
907,6.4,0.24,0.28,11.5,0.05,34,163,0.9969,3.31,0.45,9.5,5,0
908,5.8,0.32,0.31,2.7,0.049,25,153,0.99067,3.44,0.73,12.2,7,0
909,7,0.12,0.29,10.3,0.039,41,98,0.99564,3.19,0.38,9.8,8,0
910,7.1,0.36,0.28,2.4,0.036,35,115,0.98936,3.19,0.44,13.5,7,0
911,6.5,0.24,0.29,8.2,0.043,32,156,0.99453,3.13,0.7,10.1,6,0
912,6.9,0.26,0.33,12.6,0.051,59,173,0.998,3.39,0.38,9.9,5,0
913,7.6,0.52,0.49,14,0.034,37,156,0.9958,3.14,0.38,11.8,7,0
914,8.6,0.485,0.29,4.1,0.026,19,101,0.9918,3.01,0.38,12.4,5,0
915,6.4,0.15,0.4,1.5,0.042,23,87,0.98972,3.11,0.46,12.2,7,0
916,6.9,0.19,0.4,1.4,0.036,14,55,0.9909,3.08,0.68,11.5,7,0
917,7.5,0.28,0.39,10.2,0.045,59,209,0.9972,3.16,0.63,9.6,6,0
918,8.5,0.19,0.48,1.1,0.026,23,58,0.99184,2.9,0.5,10.5,6,0
919,6.2,0.3,0.32,1.2,0.052,32,185,0.99266,3.28,0.44,10.1,5,0
920,6.8,0.26,0.43,11.75,0.045,53,198,0.9969,3.26,0.55,9.5,5,0
921,7.4,0.26,0.31,2.4,0.043,58,178,0.9941,3.42,0.68,10.6,6,0
922,5.8,0.555,0.26,4.5,0.053,17,126,0.9943,3.24,0.46,9.1,5,0
923,6.8,0.2,0.25,6.2,0.052,22,106,0.9935,3.09,0.54,10.8,5,0
924,7.3,0.24,0.34,15.4,0.05,38,174,0.9983,3.03,0.42,9,6,0
925,7,0.16,0.26,7.3,0.047,30,220,0.99622,3.38,0.58,10.1,6,0
926,6.4,0.24,0.26,8.2,0.054,47,182,0.99538,3.12,0.5,9.5,5,0
927,6.7,0.26,0.26,4,0.079,35.5,216,0.9956,3.31,0.68,9.5,5,0
928,5.6,0.175,0.29,0.8,0.043,20,67,0.99112,3.28,0.48,9.9,6,0
929,7.2,0.18,0.45,4.4,0.046,57,166,0.9943,3.13,0.62,11.2,6,0
930,6.5,0.36,0.31,4.1,0.061,20,134,0.99475,3.18,0.45,9,6,0
931,6.4,0.22,0.34,1.4,0.023,56,115,0.98958,3.18,0.7,11.7,6,0
932,7.3,0.27,0.37,9.7,0.042,36,130,0.9979,3.48,0.75,9.9,6,0
933,7.2,0.24,0.3,1.6,0.048,27,131,0.9933,3.25,0.45,10.5,5,0
934,6.3,0.34,0.52,6.3,0.047,63,186,0.99481,3.18,0.44,9.6,5,0
935,6.7,0.16,0.36,2,0.045,24,131,0.99284,3.3,0.59,10.5,6,0
936,6.1,0.38,0.2,6.6,0.033,25,137,0.9938,3.3,0.69,10.4,6,0
937,6.4,0.31,0.28,2.5,0.039,34,137,0.98946,3.22,0.38,12.7,6,0
938,6.3,0.28,0.24,8.45,0.031,32,172,0.9958,3.39,0.57,9.7,7,0
939,7,0.22,0.26,9.2,0.027,37,122,0.99228,3.06,0.34,12.5,8,0
940,6,0.2,0.71,1.6,0.15,10,54,0.9927,3.12,0.47,9.8,5,0
941,6.6,0.085,0.33,1.4,0.036,17,109,0.99306,3.27,0.61,9.5,6,0
942,6.8,0.45,0.28,26.05,0.031,27,122,1.00295,3.06,0.42,10.6,6,0
943,5.8,0.13,0.26,5.1,0.039,19,103,0.99478,3.36,0.47,9.3,6,0
944,5.8,0.17,0.34,1.8,0.045,96,170,0.99035,3.38,0.9,11.8,8,0
945,6.4,0.13,0.47,1.6,0.092,40,158,0.9928,3.21,0.36,9.8,6,0
946,7.3,0.2,0.26,1.6,0.04,36,123,0.99238,3.34,0.44,10.8,6,0
947,6,0.13,0.36,1.6,0.052,23,72,0.98974,3.1,0.5,11.5,7,0
948,7,0.2,0.34,5.7,0.035,32,83,0.9928,3.19,0.46,11.5,6,0
949,7.4,0.19,0.3,12.8,0.053,48.5,212,0.9986,3.14,0.49,9.1,7,0
950,7,0.16,0.73,1,0.138,58,150,0.9936,3.08,0.3,9.2,5,0
951,6.4,0.29,0.21,9.65,0.041,36,119,0.99334,2.99,0.34,10.93333333,6,0
952,6.5,0.28,0.27,5.2,0.04,44,179,0.9948,3.19,0.69,9.4,6,0
953,6.2,0.36,0.27,3.2,0.032,13,73,0.98942,2.9,0.69,12.6,7,0
954,5.9,0.19,0.37,0.8,0.027,3,21,0.9897,3.09,0.31,10.8,5,0
955,7,0.28,0.39,8.7,0.051,32,141,0.9961,3.38,0.53,10.5,6,0
956,7.2,0.35,0.25,5.6,0.032,23,120,0.99334,2.93,0.66,10.3,7,0
957,6,0.34,0.66,15.9,0.046,26,164,0.9979,3.14,0.5,8.8,6,0
958,6.7,0.5,0.63,13.4,0.078,81,238,0.9988,3.08,0.44,9.2,5,0
959,6.6,0.33,0.31,1.3,0.02,29,89,0.99035,3.26,0.44,12.4,8,0
960,7.6,0.29,0.26,6.5,0.042,32,160,0.9944,3.14,0.47,10.7,5,0
961,6.8,0.18,0.3,12.8,0.062,19,171,0.99808,3,0.52,9,7,0
962,6.8,0.27,0.22,8.1,0.034,55,203,0.9961,3.19,0.52,8.9,5,0
963,6.8,0.22,0.35,17.5,0.039,38,153,0.9994,3.24,0.42,9,6,0
964,7.4,0.27,0.48,1.1,0.047,17,132,0.9914,3.19,0.49,11.6,6,0
965,7.4,0.155,0.34,2.3,0.045,73.5,214,0.9934,3.18,0.61,9.9,7,0
966,5.8,0.27,0.26,3.5,0.071,26,69,0.98994,3.1,0.38,11.5,6,0
967,7.2,0.34,0.44,4.2,0.047,51,144,0.991,3.01,0.76,12.3,6,0
968,9.8,0.36,0.45,1.6,0.042,11,124,0.9944,2.93,0.46,10.8,5,0
969,7.4,0.27,0.26,11.8,0.053,55,173,0.99699,3.11,0.6,9.8,5,0
970,6.6,0.34,0.24,3.3,0.034,29,99,0.99031,3.1,0.4,12.3,7,0
971,7.3,0.22,0.41,15.4,0.05,55,191,1,3.32,0.59,8.9,6,0
972,8.9,0.33,0.32,1.5,0.047,11,200,0.9954,3.19,0.46,9.4,5,0
973,8,0.23,0.46,1.5,0.03,30,125,0.9907,3.23,0.47,12.5,6,0
974,6.9,0.32,0.17,7.6,0.042,69,219,0.9959,3.13,0.4,8.9,5,0
975,7.5,0.28,0.33,7.7,0.048,42,180,0.9974,3.37,0.59,10.1,6,0
976,8.8,0.24,0.23,10.3,0.032,12,97,0.99571,3.13,0.4,10.7,6,0
977,7,0.24,0.35,1,0.032,42,104,0.98988,3.16,0.37,11.7,7,0
978,6.8,0.25,0.18,1.4,0.056,13,137,0.9935,3.11,0.42,9.5,5,0
979,6.1,0.18,0.36,2,0.038,20,249.5,0.9923,3.37,0.79,11.3,6,0
980,6.6,0.23,0.24,3.9,0.045,36,138,0.9922,3.15,0.64,11.3,7,0
981,5.9,0.32,0.28,4.7,0.039,34,94,0.98964,3.22,0.57,13.1,7,0
982,9.8,0.16,0.46,1.8,0.046,23,130,0.99587,3.04,0.67,9.6,5,0
983,8.6,0.18,0.4,1.1,0.04,20,107,0.9923,2.94,0.32,10.2,7,0
984,7.3,0.17,0.36,8.2,0.028,44,111,0.99272,3.14,0.41,12.4,6,0
985,8,0.25,0.27,9.7,0.036,15,85,0.99406,2.99,0.36,11.2,6,0
986,6.4,0.28,0.44,7.1,0.048,49,179,0.99528,3.15,0.48,9.2,5,0
987,6.4,0.25,0.53,6.6,0.038,59,234,0.9955,3.03,0.42,8.8,5,0
988,6.8,0.19,0.34,1.9,0.04,41,108,0.99,3.25,0.45,12.9,6,0
989,6.7,0.15,0.38,1.7,0.037,20,84,0.99046,3.09,0.53,11.4,6,0
990,6.8,0.475,0.33,3.95,0.047,16,81,0.98988,3.23,0.53,13.4,7,0
991,6.3,0.24,0.29,13.7,0.035,53,134,0.99567,3.17,0.38,10.6,6,0
992,7.8,0.25,0.41,3.7,0.042,37,149,0.9954,3.36,0.45,10,6,0
993,6.8,0.32,0.23,3.3,0.026,31,99,0.9896,3.1,0.4,12.4,6,0
994,7.1,0.26,0.32,5.9,0.037,39,97,0.9934,3.31,0.4,11.6,6,0
995,7.6,0.19,0.37,13.1,0.033,52,151,0.99726,3.18,0.79,10.4,6,0
996,5.5,0.62,0.33,1.7,0.037,24,118,0.98758,3.15,0.39,13.55,6,0
997,7.1,0.39,0.39,11.1,0.034,25,204,0.99616,3.05,0.52,10,6,0
998,7.6,0.16,0.41,1.9,0.047,27,151,0.9937,3.2,0.53,10.1,6,0
999,6.7,0.36,0.26,7.9,0.034,39,123,0.99119,2.99,0.3,12.2,7,0