,fixed acidity,volatile acidity,citric acid,residual sugar,chlorides,free sulfur dioxide,total sulfur dioxide,density,pH,sulphates,alcohol,quality,red,good
0,8.9,0.59,0.5,2.0,0.337,27.0,81.0,0.9964,3.04,1.61,9.5,6,1,0
1,7.7,0.69,0.22,1.9,0.084,18.0,94.0,0.9961,3.31,0.48,9.5,5,1,0
2,8.8,0.685,0.26,1.6,0.08800000000000001,16.0,23.0,0.9969399999999999,3.32,0.47,9.4,5,1,0
3,11.4,0.46,0.5,2.7,0.122,4.0,17.0,1.0006,3.13,0.7,10.2,5,1,0
4,8.8,0.24,0.54,2.5,0.083,25.0,57.0,0.9983,3.39,0.54,9.2,5,1,0
5,6.3,0.3,0.48,1.8,0.069,18.0,61.0,0.9959,3.44,0.78,10.3,6,1,0
6,5.8,0.29,0.26,1.7,0.063,3.0,11.0,0.9915,3.39,0.54,13.5,6,1,0
7,8.8,0.6,0.29,2.2,0.098,5.0,15.0,0.9988,3.36,0.49,9.1,5,1,0
8,7.2,0.57,0.05,2.3,0.081,16.0,36.0,0.99564,3.38,0.6,10.3,6,1,0
9,8.4,0.34,0.42,2.1,0.07200000000000001,23.0,36.0,0.99392,3.11,0.78,12.4,6,1,0
10,7.7,0.53,0.06,1.7,0.07400000000000001,9.0,39.0,0.99615,3.35,0.48,9.8,6,1,0
11,7.3,0.43,0.24,2.5,0.078,27.0,67.0,0.9964799999999999,3.6,0.59,11.1,6,1,0
12,8.9,0.59,0.39,2.3,0.095,5.0,22.0,0.9986,3.37,0.58,10.3,5,1,0
13,11.4,0.36,0.69,2.1,0.09,6.0,21.0,1.0,3.17,0.62,9.2,6,1,0
14,9.6,0.77,0.12,2.9,0.08199999999999999,30.0,74.0,0.99865,3.3,0.64,10.4,6,1,0
15,6.2,0.64,0.09,2.5,0.081,15.0,26.0,0.9953799999999999,3.57,0.63,12.0,5,1,0
16,7.4,0.67,0.12,1.6,0.18600000000000003,5.0,21.0,0.996,3.39,0.54,9.5,5,1,0
17,6.6,0.5,0.0,1.8,0.062,21.0,28.0,0.9935200000000001,3.44,0.55,12.3,6,1,0
18,7.6,0.42,0.25,3.9,0.10400000000000001,28.0,90.0,0.99784,3.15,0.57,9.1,5,1,0
19,7.6,0.36,0.31,1.7,0.079,26.0,65.0,0.99716,3.46,0.62,9.5,6,1,0
20,10.0,0.49,0.2,11.0,0.071,13.0,50.0,1.0015,3.16,0.69,9.2,6,1,0
21,10.5,0.42,0.66,2.95,0.11599999999999999,12.0,29.0,0.997,3.24,0.75,11.7,7,1,1
22,9.3,0.37,0.44,1.6,0.038,21.0,42.0,0.99526,3.24,0.81,10.8,7,1,1
23,7.2,0.36,0.46,2.1,0.07400000000000001,24.0,44.0,0.99534,3.4,0.85,11.0,7,1,1
24,8.2,0.57,0.26,2.2,0.06,28.0,65.0,0.9959,3.3,0.43,10.1,5,1,0
25,5.6,0.54,0.04,1.7,0.049,5.0,13.0,0.9942,3.72,0.58,11.4,5,1,0
26,7.4,0.64,0.17,5.4,0.168,52.0,98.0,0.99736,3.28,0.5,9.5,5,1,0
27,6.2,0.43,0.22,1.8,0.078,21.0,56.0,0.9963299999999999,3.52,0.6,9.5,6,1,0
28,7.1,0.34,0.28,2.0,0.08199999999999999,31.0,68.0,0.9969399999999999,3.45,0.48,9.4,5,1,0
29,8.0,0.43,0.36,2.3,0.075,10.0,48.0,0.9976,3.34,0.46,9.4,5,1,0
30,8.4,0.52,0.22,2.7,0.084,4.0,18.0,0.99682,3.26,0.57,9.9,6,1,0
31,6.8,0.47,0.08,2.2,0.064,18.0,38.0,0.9955299999999999,3.3,0.65,9.6,6,1,0
32,10.6,0.28,0.39,15.5,0.069,6.0,23.0,1.0026,3.12,0.66,9.2,5,1,0
33,8.3,0.54,0.24,3.4,0.076,16.0,112.0,0.9976,3.27,0.61,9.4,5,1,0
34,6.0,0.42,0.19,2.0,0.075,22.0,47.0,0.9952200000000001,3.39,0.78,10.0,6,1,0
35,11.9,0.4,0.65,2.15,0.068,7.0,27.0,0.9988,3.06,0.68,11.3,6,1,0
36,7.0,0.56,0.17,1.7,0.065,15.0,24.0,0.9951399999999999,3.44,0.68,10.55,7,1,1
37,6.9,0.55,0.15,2.2,0.076,19.0,40.0,0.9961,3.41,0.59,10.1,5,1,0
38,7.0,0.78,0.08,2.0,0.09300000000000001,10.0,19.0,0.9956,3.4,0.47,10.0,5,1,0
39,7.6,0.54,0.02,1.7,0.085,17.0,31.0,0.9958899999999999,3.37,0.51,10.4,6,1,0
40,8.8,0.41,0.64,2.2,0.09300000000000001,9.0,42.0,0.9986,3.54,0.66,10.5,5,1,0
41,9.3,0.49,0.36,1.7,0.081,3.0,14.0,0.99702,3.27,0.78,10.9,6,1,0
42,6.8,0.56,0.03,1.7,0.084,18.0,35.0,0.9968,3.44,0.63,10.0,6,1,0
43,8.5,0.37,0.2,2.8,0.09,18.0,58.0,0.998,3.34,0.7,9.6,6,1,0
44,9.9,0.74,0.28,2.6,0.078,21.0,77.0,0.998,3.28,0.51,9.8,5,1,0
45,8.1,0.78,0.23,2.6,0.059000000000000004,5.0,15.0,0.997,3.37,0.56,11.3,5,1,0
46,7.6,1.58,0.0,2.1,0.13699999999999998,5.0,9.0,0.9947600000000001,3.5,0.4,10.9,3,1,0
47,10.7,0.35,0.53,2.6,0.07,5.0,16.0,0.9972,3.15,0.65,11.0,8,1,1
48,8.9,0.38,0.4,2.2,0.068,12.0,28.0,0.9948600000000001,3.27,0.75,12.6,7,1,1
49,7.2,0.62,0.06,2.7,0.077,15.0,85.0,0.99746,3.51,0.54,9.5,5,1,0
50,7.1,0.755,0.15,1.8,0.107,20.0,84.0,0.99593,3.19,0.5,9.5,5,1,0
51,7.6,0.29,0.49,2.7,0.092,25.0,60.0,0.9971,3.31,0.61,10.1,6,1,0
52,8.0,0.59,0.16,1.8,0.065,3.0,16.0,0.9962,3.42,0.92,10.5,7,1,1
53,8.6,0.8,0.11,2.3,0.084,12.0,31.0,0.9979,3.4,0.48,9.9,5,1,0
54,7.2,0.6,0.04,2.5,0.076,18.0,88.0,0.99745,3.53,0.55,9.5,5,1,0
55,8.5,0.655,0.49,6.1,0.122,34.0,151.0,1.001,3.31,1.14,9.3,5,1,0
56,9.8,0.66,0.39,3.2,0.083,21.0,59.0,0.9989,3.37,0.71,11.5,7,1,1
57,6.2,0.785,0.0,2.1,0.06,6.0,13.0,0.99664,3.59,0.61,10.0,4,1,0
58,9.6,0.41,0.37,2.3,0.091,10.0,23.0,0.9978600000000001,3.24,0.56,10.5,5,1,0
59,7.4,0.64,0.07,1.8,0.1,8.0,23.0,0.9961,3.3,0.58,9.6,5,1,0
60,5.2,0.645,0.0,2.15,0.08,15.0,28.0,0.99444,3.78,0.61,12.5,6,1,0
61,12.3,0.39,0.63,2.3,0.091,6.0,18.0,1.0004,3.16,0.49,9.5,5,1,0
62,11.5,0.315,0.54,2.1,0.084,5.0,15.0,0.9987,2.98,0.7,9.2,6,1,0
63,7.0,0.54,0.0,2.1,0.079,39.0,55.0,0.9956,3.39,0.84,11.4,6,1,0
64,7.9,0.3,0.68,8.3,0.05,37.5,289.0,0.99316,3.01,0.51,12.3,7,1,1
65,8.2,0.28,0.4,2.4,0.052000000000000005,4.0,10.0,0.99356,3.33,0.7,12.8,7,1,1
66,7.1,0.715,0.0,2.35,0.071,21.0,47.0,0.9963200000000001,3.29,0.45,9.4,5,1,0
67,6.9,0.84,0.21,4.1,0.07400000000000001,16.0,65.0,0.9984200000000001,3.53,0.72,9.25,6,1,0
68,11.9,0.37,0.69,2.3,0.078,12.0,24.0,0.9958,3.0,0.65,12.8,6,1,0
69,6.6,0.735,0.02,7.9,0.122,68.0,124.0,0.9994,3.47,0.53,9.9,5,1,0
70,9.3,0.36,0.39,1.5,0.08,41.0,55.0,0.9965200000000001,3.47,0.73,10.9,6,1,0
71,7.1,0.59,0.01,2.3,0.08,27.0,43.0,0.9955,3.42,0.58,10.7,6,1,0
72,8.1,0.785,0.52,2.0,0.122,37.0,153.0,0.9969,3.21,0.69,9.3,5,1,0
73,7.6,0.41,0.14,3.0,0.087,21.0,43.0,0.9964,3.32,0.57,10.5,6,1,0
74,8.2,0.31,0.4,2.2,0.057999999999999996,6.0,10.0,0.99536,3.31,0.68,11.2,7,1,1
75,10.6,0.36,0.59,2.2,0.152,6.0,18.0,0.9986,3.04,1.05,9.4,5,1,0
76,11.9,0.58,0.66,2.5,0.07200000000000001,6.0,37.0,0.9992,3.05,0.56,10.0,5,1,0
77,8.2,0.38,0.32,2.5,0.08,24.0,71.0,0.99624,3.27,0.85,11.0,6,1,0
78,8.0,0.57,0.23,3.2,0.073,17.0,119.0,0.99675,3.26,0.57,9.3,5,1,0
79,9.2,0.67,0.1,3.0,0.091,12.0,48.0,0.9988799999999999,3.31,0.54,9.5,6,1,0
80,12.5,0.56,0.49,2.4,0.064,5.0,27.0,0.9999,3.08,0.87,10.9,5,1,0
81,10.2,0.54,0.37,15.4,0.214,55.0,95.0,1.00369,3.18,0.77,9.0,6,1,0
82,8.1,1.33,0.0,1.8,0.08199999999999999,3.0,12.0,0.9964,3.54,0.48,10.9,5,1,0
83,9.8,0.5,0.34,2.3,0.094,10.0,45.0,0.99864,3.24,0.6,9.7,7,1,1
84,9.1,0.5,0.3,1.9,0.065,8.0,17.0,0.99774,3.32,0.71,10.5,6,1,0
85,6.6,0.61,0.0,1.6,0.069,4.0,8.0,0.9939600000000001,3.33,0.37,10.4,4,1,0
86,7.5,0.685,0.07,2.5,0.057999999999999996,5.0,9.0,0.9963200000000001,3.38,0.55,10.9,4,1,0
87,9.0,0.39,0.4,1.3,0.044000000000000004,25.0,50.0,0.9947799999999999,3.2,0.83,10.9,6,1,0
88,9.4,0.24,0.33,2.3,0.061,52.0,73.0,0.9978600000000001,3.47,0.9,10.2,6,1,0
89,8.7,0.29,0.52,1.6,0.113,12.0,37.0,0.9969,3.25,0.58,9.5,5,1,0
90,7.5,0.53,0.06,2.6,0.086,20.0,44.0,0.9965,3.38,0.59,10.7,6,1,0
91,8.2,0.44,0.24,2.3,0.063,10.0,28.0,0.99613,3.25,0.53,10.2,6,1,0
92,6.7,0.675,0.07,2.4,0.08900000000000001,17.0,82.0,0.9958,3.35,0.54,10.1,5,1,0
93,7.2,0.62,0.06,2.5,0.078,17.0,84.0,0.99746,3.51,0.53,9.7,5,1,0
94,7.5,0.58,0.56,3.1,0.153,5.0,14.0,0.9947600000000001,3.21,1.03,11.6,6,1,0
95,5.7,0.6,0.0,1.4,0.063,11.0,18.0,0.9919100000000001,3.45,0.56,12.2,6,1,0
96,7.5,0.755,0.0,1.9,0.084,6.0,12.0,0.99672,3.34,0.49,9.7,4,1,0
97,12.4,0.4,0.51,2.0,0.059000000000000004,6.0,24.0,0.9994,3.04,0.6,9.3,6,1,0
98,7.7,0.41,0.76,1.8,0.611,8.0,45.0,0.9968,3.06,1.26,9.4,5,1,0
99,12.0,0.63,0.5,1.4,0.071,6.0,26.0,0.9979100000000001,3.07,0.6,10.4,4,1,0
100,7.8,0.48,0.68,1.7,0.415,14.0,32.0,0.99656,3.09,1.06,9.1,6,1,0
101,7.9,0.43,0.21,1.6,0.106,10.0,37.0,0.9966,3.17,0.91,9.5,5,1,0
102,8.7,0.78,0.51,1.7,0.415,12.0,66.0,0.99623,3.0,1.17,9.2,5,1,0
103,5.6,0.85,0.05,1.4,0.045,12.0,88.0,0.9924,3.56,0.82,12.9,8,1,1
104,7.9,0.2,0.35,1.7,0.054000000000000006,7.0,15.0,0.9945799999999999,3.32,0.8,11.9,7,1,1
105,8.2,0.28,0.6,3.0,0.10400000000000001,10.0,22.0,0.99828,3.39,0.68,10.6,5,1,0
106,9.2,0.52,1.0,3.4,0.61,32.0,69.0,0.9996,2.74,2.0,9.4,4,1,0
107,10.1,0.43,0.4,2.6,0.092,13.0,52.0,0.99834,3.22,0.64,10.0,7,1,1
108,11.6,0.23,0.57,1.8,0.07400000000000001,3.0,8.0,0.9981,3.14,0.7,9.9,6,1,0
109,8.8,0.955,0.05,1.8,0.075,5.0,19.0,0.99616,3.3,0.44,9.6,4,1,0
110,7.7,0.57,0.21,1.5,0.069,4.0,9.0,0.9945799999999999,3.16,0.54,9.8,6,1,0
111,8.3,0.58,0.13,2.9,0.096,14.0,63.0,0.9984,3.17,0.62,9.1,6,1,0
112,7.9,0.6,0.06,1.6,0.069,15.0,59.0,0.9964,3.3,0.46,9.4,5,1,0
113,7.3,0.66,0.0,2.0,0.084,6.0,23.0,0.9983,3.61,0.96,9.9,6,1,0
114,6.6,0.52,0.08,2.4,0.07,13.0,26.0,0.9935799999999999,3.4,0.72,12.5,7,1,1
115,8.2,0.34,0.37,1.9,0.057,43.0,74.0,0.99408,3.23,0.81,12.0,6,1,0
116,10.4,0.44,0.73,6.55,0.07400000000000001,38.0,76.0,0.9990000000000001,3.17,0.85,12.0,7,1,1
117,7.1,0.56,0.14,1.6,0.078,7.0,18.0,0.99592,3.27,0.62,9.3,5,1,0
118,8.0,0.62,0.33,2.7,0.08800000000000001,16.0,37.0,0.9972,3.31,0.58,10.7,6,1,0
119,8.8,0.64,0.17,2.9,0.084,25.0,130.0,0.99818,3.23,0.54,9.6,5,1,0
120,6.8,0.36,0.32,1.8,0.067,4.0,8.0,0.9928,3.36,0.55,12.8,7,1,1
121,7.7,0.69,0.05,2.7,0.075,15.0,27.0,0.9974,3.26,0.61,9.1,5,1,0
122,8.8,0.27,0.39,2.0,0.1,20.0,27.0,0.99546,3.15,0.69,11.2,6,1,0
123,6.9,0.4,0.24,2.5,0.083,30.0,45.0,0.9959,3.26,0.58,10.0,5,1,0
124,6.9,0.67,0.06,2.1,0.08,8.0,33.0,0.99845,3.68,0.71,9.6,5,1,0
125,7.8,0.58,0.13,2.1,0.102,17.0,36.0,0.9944,3.24,0.53,11.2,6,1,0
126,5.8,0.61,0.11,1.8,0.066,18.0,28.0,0.9948299999999999,3.55,0.66,10.9,6,1,0
127,8.9,0.4,0.51,2.6,0.052000000000000005,13.0,27.0,0.995,3.32,0.9,13.4,7,1,1
128,11.9,0.38,0.49,2.7,0.098,12.0,42.0,1.0004,3.16,0.61,10.3,5,1,0
129,8.0,0.38,0.06,1.8,0.078,12.0,49.0,0.99625,3.37,0.52,9.9,6,1,0
130,12.5,0.38,0.6,2.6,0.081,31.0,72.0,0.9996,3.1,0.73,10.5,5,1,0
131,5.3,0.47,0.11,2.2,0.048,16.0,89.0,0.99182,3.54,0.88,13.6,7,1,1
132,7.0,0.42,0.35,1.6,0.08800000000000001,16.0,39.0,0.9961,3.34,0.55,9.2,5,1,0
133,6.2,0.51,0.14,1.9,0.055999999999999994,15.0,34.0,0.9939600000000001,3.48,0.57,11.5,6,1,0
134,8.3,0.28,0.48,2.1,0.09300000000000001,6.0,12.0,0.99408,3.26,0.62,12.4,7,1,1
135,9.0,0.46,0.23,2.8,0.092,28.0,104.0,0.9983,3.1,0.56,9.2,5,1,0
136,6.8,0.61,0.04,1.5,0.057,5.0,10.0,0.99525,3.42,0.6,9.5,5,1,0
137,8.7,0.7,0.24,2.5,0.226,5.0,15.0,0.9991,3.32,0.6,9.0,6,1,0
138,7.5,0.57,0.08,2.6,0.08900000000000001,14.0,27.0,0.99592,3.3,0.59,10.4,6,1,0
139,9.9,0.27,0.49,5.0,0.08199999999999999,9.0,17.0,0.99484,3.19,0.52,12.5,7,1,1
140,7.4,0.965,0.0,2.2,0.08800000000000001,16.0,32.0,0.99756,3.58,0.67,10.2,5,1,0
141,7.4,0.29,0.38,1.7,0.062,9.0,30.0,0.9968,3.41,0.53,9.5,6,1,0
142,9.5,0.46,0.24,2.7,0.092,14.0,44.0,0.998,3.12,0.74,10.0,6,1,0
143,12.7,0.6,0.49,2.8,0.075,5.0,19.0,0.9994,3.14,0.57,11.4,5,1,0
144,7.1,0.59,0.02,2.3,0.08199999999999999,24.0,94.0,0.99744,3.55,0.53,9.7,6,1,0
145,7.3,0.59,0.26,7.2,0.07,35.0,121.0,0.9981,3.37,0.49,9.4,5,1,0
146,10.6,0.44,0.68,4.1,0.114,6.0,24.0,0.997,3.06,0.66,13.4,6,1,0
147,14.0,0.41,0.63,3.8,0.08900000000000001,6.0,47.0,1.0014,3.01,0.81,10.8,6,1,0
148,8.8,0.61,0.3,2.8,0.08800000000000001,17.0,46.0,0.9976,3.26,0.51,9.3,4,1,0
149,7.5,0.42,0.32,2.7,0.067,7.0,25.0,0.9962799999999999,3.24,0.44,10.4,5,1,0
150,6.3,0.6,0.1,1.6,0.048,12.0,26.0,0.99306,3.55,0.51,12.1,5,1,0
151,7.2,0.41,0.3,2.1,0.083,35.0,72.0,0.997,3.44,0.52,9.4,5,1,0
152,7.5,0.6,0.03,1.8,0.095,25.0,99.0,0.995,3.35,0.54,10.1,5,1,0
153,7.7,0.965,0.1,2.1,0.11199999999999999,11.0,22.0,0.9963,3.26,0.5,9.5,5,1,0
154,7.8,0.57,0.31,1.8,0.069,26.0,120.0,0.99625,3.29,0.53,9.3,5,1,0
155,7.9,1.04,0.05,2.2,0.084,13.0,29.0,0.9959,3.22,0.55,9.9,6,1,0
156,10.3,0.41,0.42,2.4,0.213,6.0,14.0,0.9994,3.19,0.62,9.5,6,1,0
157,9.0,0.82,0.05,2.4,0.081,26.0,96.0,0.9981399999999999,3.36,0.53,10.0,5,1,0
158,8.7,0.675,0.1,1.6,0.09,4.0,11.0,0.99745,3.31,0.65,9.55,5,1,0
159,9.0,0.45,0.49,2.6,0.084,21.0,75.0,0.9987,3.35,0.57,9.7,5,1,0
160,8.2,0.42,0.49,2.6,0.084,32.0,55.0,0.9988,3.34,0.75,8.7,6,1,0
161,7.3,0.51,0.18,2.1,0.07,12.0,28.0,0.9976799999999999,3.52,0.73,9.5,6,1,0
162,7.9,0.18,0.4,1.8,0.062,7.0,20.0,0.9941,3.28,0.7,11.1,5,1,0
163,7.7,0.69,0.49,1.8,0.115,20.0,112.0,0.9968,3.21,0.71,9.3,5,1,0
164,7.7,0.935,0.43,2.2,0.114,22.0,114.0,0.997,3.25,0.73,9.2,5,1,0
165,8.0,0.83,0.27,2.0,0.08,11.0,63.0,0.9965200000000001,3.29,0.48,9.8,4,1,0
166,10.0,0.35,0.47,2.0,0.061,6.0,11.0,0.99585,3.23,0.52,12.0,6,1,0
167,8.2,0.24,0.34,5.1,0.062,8.0,22.0,0.9974,3.22,0.94,10.9,6,1,0
168,10.1,0.45,0.23,1.9,0.08199999999999999,10.0,18.0,0.99774,3.22,0.65,9.3,6,1,0
169,6.9,0.63,0.33,6.7,0.235,66.0,115.0,0.99787,3.22,0.56,9.5,5,1,0
170,7.8,0.64,0.0,1.9,0.07200000000000001,27.0,55.0,0.9962,3.31,0.63,11.0,5,1,0
171,6.9,0.44,0.0,1.4,0.07,32.0,38.0,0.9943799999999999,3.32,0.58,11.4,6,1,0
172,7.0,0.975,0.04,2.0,0.087,12.0,67.0,0.99565,3.35,0.6,9.4,4,1,0
173,8.3,0.66,0.15,1.9,0.079,17.0,42.0,0.9972,3.31,0.54,9.6,6,1,0
174,7.6,0.715,0.0,2.1,0.068,30.0,35.0,0.9953299999999999,3.48,0.65,11.4,6,1,0
175,7.6,0.68,0.02,1.3,0.07200000000000001,9.0,20.0,0.9965,3.17,1.08,9.2,4,1,0
176,6.3,0.51,0.13,2.3,0.076,29.0,40.0,0.99574,3.42,0.75,11.0,6,1,0
177,10.0,0.48,0.24,2.7,0.102,13.0,32.0,1.0,3.28,0.56,10.0,6,1,0
178,8.8,0.31,0.4,2.8,0.109,7.0,16.0,0.9961399999999999,3.31,0.79,11.8,7,1,1
179,6.8,0.77,0.0,1.8,0.066,34.0,52.0,0.9976,3.62,0.68,9.9,5,1,0
180,8.2,0.73,0.21,1.7,0.07400000000000001,5.0,13.0,0.9968,3.2,0.52,9.5,5,1,0
181,8.5,0.4,0.4,6.3,0.05,3.0,10.0,0.99566,3.28,0.56,12.0,4,1,0
182,6.5,0.615,0.0,1.9,0.065,9.0,18.0,0.9972,3.46,0.65,9.2,5,1,0
183,9.9,0.54,0.26,2.0,0.111,7.0,60.0,0.9970899999999999,2.94,0.98,10.2,5,1,0
184,8.0,0.67,0.3,2.0,0.06,38.0,62.0,0.9958,3.26,0.56,10.2,6,1,0
185,8.7,0.69,0.31,3.0,0.086,23.0,81.0,1.0002,3.48,0.74,11.6,6,1,0
186,6.9,0.765,0.18,2.4,0.243,5.5,48.0,0.9961200000000001,3.4,0.6,10.3,6,1,0
187,6.8,0.56,0.22,1.8,0.07400000000000001,15.0,24.0,0.9943799999999999,3.4,0.82,11.2,6,1,0
188,10.2,0.36,0.64,2.9,0.122,10.0,41.0,0.998,3.23,0.66,12.5,6,1,0
189,9.5,0.46,0.49,6.3,0.064,5.0,17.0,0.9988,3.21,0.73,11.0,6,1,0
190,7.7,0.28,0.3,2.0,0.062,18.0,34.0,0.9952,3.28,0.9,11.3,7,1,1
191,8.3,0.65,0.1,2.9,0.08900000000000001,17.0,40.0,0.99803,3.29,0.55,9.5,5,1,0
192,6.8,0.65,0.02,2.1,0.078,8.0,15.0,0.99498,3.35,0.62,10.4,6,1,0
193,11.5,0.59,0.59,2.6,0.087,13.0,49.0,0.9988,3.18,0.65,11.0,6,1,0
194,7.5,0.42,0.31,1.6,0.08,15.0,42.0,0.9978,3.31,0.64,9.0,5,1,0
195,9.7,0.295,0.4,1.5,0.073,14.0,21.0,0.99556,3.14,0.51,10.9,6,1,0
196,8.9,0.31,0.36,2.6,0.055999999999999994,10.0,39.0,0.9956200000000001,3.4,0.69,11.8,5,1,0
197,6.2,0.58,0.0,1.6,0.065,8.0,18.0,0.9966,3.56,0.84,9.4,5,1,0
198,8.8,0.45,0.43,1.4,0.076,12.0,21.0,0.99551,3.21,0.75,10.2,6,1,0
199,7.9,0.43,0.21,1.6,0.106,10.0,37.0,0.9966,3.17,0.91,9.5,5,1,0
200,7.1,0.43,0.42,5.5,0.07,29.0,129.0,0.9973,3.42,0.72,10.5,5,1,0
201,10.1,0.65,0.37,5.1,0.11,11.0,65.0,1.0026,3.32,0.64,10.4,6,1,0
202,7.5,0.61,0.26,1.9,0.073,24.0,88.0,0.9961200000000001,3.3,0.53,9.8,5,1,0
203,6.5,0.46,0.14,2.4,0.114,9.0,37.0,0.9973200000000001,3.66,0.65,9.8,5,1,0
204,12.2,0.45,0.49,1.4,0.075,3.0,6.0,0.9969,3.13,0.63,10.4,5,1,0
205,7.7,0.58,0.01,1.8,0.08800000000000001,12.0,18.0,0.9956799999999999,3.32,0.56,10.5,7,1,1
206,8.0,0.33,0.53,2.5,0.091,18.0,80.0,0.9976,3.37,0.8,9.6,6,1,0
207,10.9,0.53,0.49,4.6,0.11800000000000001,10.0,17.0,1.0002,3.07,0.56,11.7,6,1,0
208,8.0,0.58,0.28,3.2,0.066,21.0,114.0,0.9973,3.22,0.54,9.4,6,1,0
209,7.0,0.45,0.34,2.7,0.08199999999999999,16.0,72.0,0.998,3.55,0.6,9.5,5,1,0
210,6.7,0.46,0.24,1.7,0.077,18.0,34.0,0.9948,3.39,0.6,10.6,6,1,0
211,7.0,0.55,0.13,2.2,0.075,15.0,35.0,0.9959,3.36,0.59,9.7,6,1,0
212,7.3,0.59,0.26,2.0,0.08,17.0,104.0,0.99584,3.28,0.52,9.9,5,1,0
213,13.2,0.46,0.52,2.2,0.071,12.0,35.0,1.0006,3.1,0.56,9.0,6,1,0
214,6.9,0.5,0.04,1.5,0.085,19.0,49.0,0.9958,3.35,0.78,9.5,5,1,0
215,4.7,0.6,0.17,2.3,0.057999999999999996,17.0,106.0,0.9932,3.85,0.6,12.9,6,1,0
216,7.5,0.31,0.41,2.4,0.065,34.0,60.0,0.99492,3.34,0.85,11.4,6,1,0
217,7.6,0.9,0.06,2.5,0.079,5.0,10.0,0.9967,3.39,0.56,9.8,5,1,0
218,8.4,0.37,0.43,2.3,0.063,12.0,19.0,0.9955,3.17,0.81,11.2,7,1,1
219,8.3,0.65,0.1,2.9,0.08900000000000001,17.0,40.0,0.99803,3.29,0.55,9.5,5,1,0
220,6.8,0.5,0.11,1.5,0.075,16.0,49.0,0.99545,3.36,0.79,9.5,5,1,0
221,7.9,0.65,0.01,2.5,0.078,17.0,38.0,0.9963,3.34,0.74,11.7,7,1,1
222,7.5,0.52,0.11,1.5,0.079,11.0,39.0,0.9968,3.42,0.58,9.6,5,1,0
223,10.0,0.38,0.38,1.6,0.16899999999999998,27.0,90.0,0.9991399999999999,3.15,0.65,8.5,5,1,0
224,8.2,0.59,0.0,2.5,0.09300000000000001,19.0,58.0,1.0002,3.5,0.65,9.3,6,1,0
225,10.2,0.29,0.65,2.4,0.075,6.0,17.0,0.99565,3.22,0.63,11.8,6,1,0
226,9.3,0.38,0.48,3.8,0.132,3.0,11.0,0.99577,3.23,0.57,13.2,6,1,0
227,7.8,0.34,0.37,2.0,0.08199999999999999,24.0,58.0,0.9964,3.34,0.59,9.4,6,1,0
228,10.5,0.28,0.51,1.7,0.08,10.0,24.0,0.9982,3.2,0.89,9.4,6,1,0
229,6.8,0.56,0.22,1.8,0.07400000000000001,15.0,24.0,0.9943799999999999,3.4,0.82,11.2,6,1,0
230,7.8,0.53,0.01,1.6,0.077,3.0,19.0,0.995,3.16,0.46,9.8,5,1,0
231,6.7,0.62,0.21,1.9,0.079,8.0,62.0,0.997,3.52,0.58,9.3,6,1,0
232,8.1,0.78,0.1,3.3,0.09,4.0,13.0,0.99855,3.36,0.49,9.5,5,1,0
233,7.4,0.61,0.01,2.0,0.07400000000000001,13.0,38.0,0.9974799999999999,3.48,0.65,9.8,5,1,0
234,9.4,0.3,0.56,2.8,0.08,6.0,17.0,0.9964,3.15,0.92,11.7,8,1,1
235,6.8,0.57,0.0,2.5,0.07200000000000001,32.0,64.0,0.9949100000000001,3.43,0.56,11.2,6,1,0
236,9.9,0.32,0.56,2.0,0.073,3.0,8.0,0.99534,3.15,0.73,11.4,6,1,0
237,6.8,0.63,0.07,2.1,0.08900000000000001,11.0,44.0,0.9953,3.47,0.55,10.4,6,1,0
238,8.5,0.32,0.42,2.3,0.075,12.0,19.0,0.99434,3.14,0.71,11.8,7,1,1
239,7.4,0.47,0.46,2.2,0.114,7.0,20.0,0.9964700000000001,3.32,0.63,10.5,5,1,0
240,7.1,0.75,0.01,2.2,0.059000000000000004,11.0,18.0,0.9924200000000001,3.39,0.4,12.8,6,1,0
241,11.9,0.38,0.51,2.0,0.121,7.0,20.0,0.9996,3.24,0.76,10.4,6,1,0
242,8.3,0.6,0.25,2.2,0.11800000000000001,9.0,38.0,0.99616,3.15,0.53,9.8,5,1,0
243,8.5,0.21,0.52,1.9,0.09,9.0,23.0,0.9964799999999999,3.36,0.67,10.4,5,1,0
244,8.0,0.3,0.63,1.6,0.081,16.0,29.0,0.9958799999999999,3.3,0.78,10.8,6,1,0
245,8.3,0.655,0.12,2.3,0.083,15.0,113.0,0.9966,3.17,0.66,9.8,5,1,0
246,6.0,0.51,0.0,2.1,0.064,40.0,54.0,0.995,3.54,0.93,10.7,6,1,0
247,8.8,0.27,0.46,2.1,0.095,20.0,29.0,0.9948799999999999,3.26,0.56,11.3,6,1,0
248,9.6,0.38,0.31,2.5,0.096,16.0,49.0,0.9982,3.19,0.7,10.0,7,1,1
249,8.0,0.715,0.22,2.3,0.075,13.0,81.0,0.9968799999999999,3.24,0.54,9.5,6,1,0
250,9.8,0.34,0.39,1.4,0.066,3.0,7.0,0.9947,3.19,0.55,11.4,7,1,1
251,7.6,0.55,0.21,2.2,0.071,7.0,28.0,0.9964,3.28,0.55,9.7,5,1,0
252,9.8,0.44,0.47,2.5,0.063,9.0,28.0,0.9981,3.24,0.65,10.8,6,1,0
253,9.1,0.76,0.68,1.7,0.414,18.0,64.0,0.9965200000000001,2.9,1.33,9.1,6,1,0
254,7.6,0.48,0.31,2.8,0.07,4.0,15.0,0.9969299999999999,3.22,0.55,10.3,6,1,0
255,7.1,0.43,0.17,1.8,0.08199999999999999,27.0,51.0,0.99634,3.49,0.64,10.4,5,1,0
256,6.8,0.775,0.0,3.0,0.102,8.0,23.0,0.9965,3.45,0.56,10.7,5,1,0
257,9.0,0.62,0.04,1.9,0.146,27.0,90.0,0.9984,3.16,0.7,9.4,5,1,0
258,9.1,0.28,0.46,9.0,0.114,3.0,9.0,0.9990100000000001,3.18,0.6,10.9,6,1,0
259,6.9,0.54,0.04,3.0,0.077,7.0,27.0,0.9987,3.69,0.91,9.4,6,1,0
260,6.8,0.48,0.08,1.8,0.07400000000000001,40.0,64.0,0.99529,3.12,0.49,9.6,5,1,0
261,5.9,0.55,0.1,2.2,0.062,39.0,51.0,0.9951200000000001,3.52,0.76,11.2,6,1,0
262,10.3,0.53,0.48,2.5,0.063,6.0,25.0,0.9998,3.12,0.59,9.3,6,1,0
263,6.5,0.52,0.11,1.8,0.073,13.0,38.0,0.9955,3.34,0.52,9.3,5,1,0
264,7.3,0.34,0.33,2.5,0.064,21.0,37.0,0.9952,3.35,0.77,12.1,7,1,1
265,7.2,0.56,0.26,2.0,0.083,13.0,100.0,0.9958600000000001,3.26,0.52,9.9,5,1,0
266,9.9,0.5,0.5,13.8,0.205,48.0,82.0,1.00242,3.16,0.75,8.8,5,1,0
267,7.9,0.545,0.06,4.0,0.087,27.0,61.0,0.9965,3.36,0.67,10.7,6,1,0
268,7.8,0.64,0.1,6.0,0.115,5.0,11.0,0.9984,3.37,0.69,10.1,7,1,1
269,15.0,0.21,0.44,2.2,0.075,10.0,24.0,1.00005,3.07,0.84,9.2,7,1,1
270,7.4,0.7,0.0,1.9,0.076,11.0,34.0,0.9978,3.51,0.56,9.4,5,1,0
271,6.4,0.38,0.14,2.2,0.038,15.0,25.0,0.9951399999999999,3.44,0.65,11.1,6,1,0
272,8.2,0.56,0.23,3.4,0.078,14.0,104.0,0.9976,3.28,0.62,9.4,5,1,0
273,6.2,0.36,0.24,2.2,0.095,19.0,42.0,0.9946,3.57,0.57,11.7,6,1,0
274,6.2,0.45,0.2,1.6,0.069,3.0,15.0,0.9958,3.41,0.56,9.2,5,1,0
275,10.4,0.44,0.42,1.5,0.145,34.0,48.0,0.9983200000000001,3.38,0.86,9.9,3,1,0
276,8.7,0.82,0.02,1.2,0.07,36.0,48.0,0.9952,3.2,0.58,9.8,5,1,0
277,10.4,0.28,0.54,2.7,0.105,5.0,19.0,0.9988,3.25,0.63,9.5,5,1,0
278,7.3,0.74,0.08,1.7,0.094,10.0,45.0,0.9957600000000001,3.24,0.5,9.8,5,1,0
279,5.6,0.5,0.09,2.3,0.049,17.0,99.0,0.9937,3.63,0.63,13.0,5,1,0
280,6.5,0.34,0.27,2.8,0.067,8.0,44.0,0.99384,3.21,0.56,12.0,6,1,0
281,10.0,0.59,0.31,2.2,0.09,26.0,62.0,0.9994,3.18,0.63,10.2,6,1,0
282,7.8,0.59,0.33,2.0,0.07400000000000001,24.0,120.0,0.9968,3.25,0.54,9.4,5,1,0
283,6.2,0.63,0.31,1.7,0.08800000000000001,15.0,64.0,0.9969,3.46,0.79,9.3,5,1,0
284,11.1,0.31,0.49,2.7,0.094,16.0,47.0,0.9986,3.12,1.02,10.6,7,1,1
285,7.9,0.52,0.26,1.9,0.079,42.0,140.0,0.9964,3.23,0.54,9.5,5,1,0
286,7.4,0.52,0.13,2.4,0.078,34.0,61.0,0.9952799999999999,3.43,0.59,10.8,6,1,0
287,8.8,0.33,0.41,5.9,0.073,7.0,13.0,0.9965799999999999,3.3,0.62,12.1,7,1,1
288,5.2,0.32,0.25,1.8,0.10300000000000001,13.0,50.0,0.9957,3.38,0.55,9.2,5,1,0
289,6.1,0.56,0.0,2.2,0.079,6.0,9.0,0.9948,3.59,0.54,11.5,6,1,0
290,8.4,1.035,0.15,6.0,0.073,11.0,54.0,0.9990000000000001,3.37,0.49,9.9,5,1,0
291,7.3,0.48,0.32,2.1,0.062,31.0,54.0,0.9972799999999999,3.3,0.65,10.0,7,1,1
292,7.3,0.305,0.39,1.2,0.059000000000000004,7.0,11.0,0.99331,3.29,0.52,11.5,6,1,0
293,10.3,0.32,0.45,6.4,0.073,5.0,13.0,0.9976,3.23,0.82,12.6,8,1,1
294,7.8,0.59,0.18,2.3,0.076,17.0,54.0,0.9975,3.43,0.59,10.0,5,1,0
295,7.1,0.6,0.0,1.8,0.07400000000000001,16.0,34.0,0.9972,3.47,0.7,9.9,6,1,0
296,6.1,0.32,0.25,2.3,0.071,23.0,58.0,0.9963299999999999,3.42,0.97,10.6,5,1,0
297,8.9,0.22,0.48,1.8,0.077,29.0,60.0,0.9968,3.39,0.53,9.4,6,1,0
298,9.9,0.4,0.53,6.7,0.09699999999999999,6.0,19.0,0.9986,3.27,0.82,11.7,7,1,1
299,8.8,0.61,0.14,2.4,0.067,10.0,42.0,0.9969,3.19,0.59,9.5,5,1,0
300,7.6,0.3,0.42,2.0,0.052000000000000005,6.0,24.0,0.9963,3.44,0.82,11.9,6,1,0
301,8.2,0.32,0.42,2.3,0.098,3.0,9.0,0.9950600000000001,3.27,0.55,12.3,6,1,0
302,9.9,0.54,0.45,2.3,0.071,16.0,40.0,0.9991,3.39,0.62,9.4,5,1,0
303,9.9,0.72,0.55,1.7,0.136,24.0,52.0,0.9975200000000001,3.35,0.94,10.0,5,1,0
304,8.6,0.42,0.39,1.8,0.068,6.0,12.0,0.99516,3.35,0.69,11.7,8,1,1
305,8.9,0.4,0.32,5.6,0.087,10.0,47.0,0.9991,3.38,0.77,10.5,7,1,1
306,8.0,0.38,0.44,1.9,0.098,6.0,15.0,0.9956,3.3,0.64,11.4,6,1,0
307,5.7,1.13,0.09,1.5,0.172,7.0,19.0,0.9940000000000001,3.5,0.48,9.8,4,1,0
308,6.5,0.4,0.1,2.0,0.076,30.0,47.0,0.99554,3.36,0.48,9.4,6,1,0
309,6.7,0.54,0.13,2.0,0.076,15.0,36.0,0.9973,3.61,0.64,9.8,5,1,0
310,15.5,0.645,0.49,4.2,0.095,10.0,23.0,1.00315,2.92,0.74,11.1,5,1,0
311,10.4,0.52,0.45,2.0,0.08,6.0,13.0,0.99774,3.22,0.76,11.4,6,1,0
312,5.1,0.42,0.0,1.8,0.044000000000000004,18.0,88.0,0.9915700000000001,3.68,0.73,13.6,7,1,1
313,8.2,0.33,0.39,2.5,0.07400000000000001,29.0,48.0,0.9952799999999999,3.32,0.88,12.4,7,1,1
314,11.6,0.47,0.44,1.6,0.147,36.0,51.0,0.99836,3.38,0.86,9.9,4,1,0
315,9.3,0.4,0.49,2.5,0.085,38.0,142.0,0.9978,3.22,0.55,9.4,5,1,0
316,7.1,0.43,0.42,5.5,0.07,29.0,129.0,0.9973,3.42,0.72,10.5,5,1,0
317,8.3,0.56,0.22,2.4,0.08199999999999999,10.0,86.0,0.9983,3.37,0.62,9.5,5,1,0
318,7.8,0.39,0.42,2.0,0.086,9.0,21.0,0.99526,3.39,0.66,11.6,6,1,0
319,7.8,0.82,0.29,4.3,0.083,21.0,64.0,0.9964200000000001,3.16,0.53,9.4,5,1,0
320,7.2,0.63,0.0,1.9,0.09699999999999999,14.0,38.0,0.99675,3.37,0.58,9.0,6,1,0
321,7.5,0.64,0.0,2.4,0.077,18.0,29.0,0.9965,3.32,0.6,10.0,6,1,0
322,8.8,0.24,0.35,1.7,0.055,13.0,27.0,0.9939399999999999,3.14,0.59,11.3,7,1,1
323,9.3,0.33,0.45,1.5,0.057,19.0,37.0,0.99498,3.18,0.89,11.1,7,1,1
324,8.6,0.53,0.22,2.0,0.1,7.0,27.0,0.9967,3.2,0.56,10.2,6,1,0
325,8.3,0.54,0.28,1.9,0.077,11.0,40.0,0.9978,3.39,0.61,10.0,6,1,0
326,7.2,0.73,0.02,2.5,0.076,16.0,42.0,0.9972,3.44,0.52,9.3,5,1,0
327,8.1,0.67,0.55,1.8,0.11699999999999999,32.0,141.0,0.9968,3.17,0.62,9.4,5,1,0
328,7.8,0.53,0.04,1.7,0.076,17.0,31.0,0.9964,3.33,0.56,10.0,6,1,0
329,8.2,0.35,0.33,2.4,0.076,11.0,47.0,0.9959899999999999,3.27,0.81,11.0,6,1,0
330,10.4,0.26,0.48,1.9,0.066,6.0,10.0,0.99724,3.33,0.87,10.9,6,1,0
331,8.0,0.52,0.03,1.7,0.07,10.0,35.0,0.99575,3.34,0.57,10.0,5,1,0
332,7.5,0.51,0.02,1.7,0.084,13.0,31.0,0.9953799999999999,3.36,0.54,10.5,6,1,0
333,4.6,0.52,0.15,2.1,0.054000000000000006,8.0,65.0,0.9934,3.9,0.56,13.1,4,1,0
334,5.6,0.31,0.78,13.9,0.07400000000000001,23.0,92.0,0.99677,3.39,0.48,10.5,6,1,0
335,7.2,0.415,0.36,2.0,0.081,13.0,45.0,0.9972,3.48,0.64,9.2,5,1,0
336,7.2,0.38,0.3,1.8,0.073,31.0,70.0,0.99685,3.42,0.59,9.5,6,1,0
337,8.2,0.64,0.27,2.0,0.095,5.0,77.0,0.9974700000000001,3.13,0.62,9.1,6,1,0
338,7.3,0.55,0.01,1.8,0.09300000000000001,9.0,15.0,0.9951399999999999,3.35,0.58,11.0,7,1,1
339,8.3,0.26,0.37,1.4,0.076,8.0,23.0,0.9974,3.26,0.7,9.6,6,1,0
340,10.5,0.24,0.47,2.1,0.066,6.0,24.0,0.9978,3.15,0.9,11.0,7,1,1
341,10.7,0.4,0.37,1.9,0.081,17.0,29.0,0.99674,3.12,0.65,11.2,6,1,0
342,7.2,0.34,0.21,2.5,0.075,41.0,68.0,0.9958600000000001,3.37,0.54,10.1,6,1,0
343,7.4,0.635,0.1,2.4,0.08,16.0,33.0,0.99736,3.58,0.69,10.8,7,1,1
344,8.7,0.54,0.26,2.5,0.09699999999999999,7.0,31.0,0.9976,3.27,0.6,9.3,6,1,0
345,8.2,0.4,0.31,1.9,0.08199999999999999,8.0,24.0,0.996,3.24,0.69,10.6,6,1,0
346,7.1,0.35,0.29,2.5,0.096,20.0,53.0,0.9962,3.42,0.65,11.0,6,1,0
347,8.1,0.87,0.0,2.2,0.084,10.0,31.0,0.99656,3.25,0.5,9.8,5,1,0
348,6.4,0.57,0.14,3.9,0.07,27.0,73.0,0.99669,3.32,0.48,9.2,5,1,0
349,6.8,0.41,0.31,8.8,0.084,26.0,45.0,0.99824,3.38,0.64,10.1,6,1,0
350,6.6,0.84,0.03,2.3,0.059000000000000004,32.0,48.0,0.9952,3.52,0.56,12.3,7,1,1
351,10.0,0.42,0.5,3.4,0.107,7.0,21.0,0.9979,3.26,0.93,11.8,6,1,0
352,8.1,0.38,0.48,1.8,0.157,5.0,17.0,0.9976,3.3,1.05,9.4,5,1,0
353,6.8,0.69,0.0,5.6,0.124,21.0,58.0,0.9997,3.46,0.72,10.2,5,1,0
354,6.8,0.41,0.31,8.8,0.084,26.0,45.0,0.99824,3.38,0.64,10.1,6,1,0
355,7.6,0.39,0.31,2.3,0.08199999999999999,23.0,71.0,0.9982,3.52,0.65,9.7,5,1,0
356,7.7,0.56,0.2,2.0,0.075,9.0,39.0,0.9987,3.48,0.62,9.3,5,1,0
357,10.7,0.4,0.48,2.1,0.125,15.0,49.0,0.998,3.03,0.81,9.7,6,1,0
358,6.6,0.96,0.0,1.8,0.08199999999999999,5.0,16.0,0.9936,3.5,0.44,11.9,6,1,0
359,8.0,0.715,0.22,2.3,0.075,13.0,81.0,0.9968799999999999,3.24,0.54,9.5,6,1,0
360,7.6,0.665,0.1,1.5,0.066,27.0,55.0,0.99655,3.39,0.51,9.3,5,1,0
361,10.0,0.56,0.24,2.2,0.079,19.0,58.0,0.9991,3.18,0.56,10.1,6,1,0
362,7.1,0.68,0.07,1.9,0.075,16.0,51.0,0.99685,3.38,0.52,9.5,5,1,0
363,6.2,0.65,0.06,1.6,0.05,6.0,18.0,0.9934799999999999,3.57,0.54,11.95,5,1,0
364,7.0,0.805,0.0,2.5,0.068,7.0,20.0,0.9969,3.48,0.56,9.6,5,1,0
365,6.8,0.66,0.07,1.6,0.07,16.0,61.0,0.99572,3.29,0.6,9.3,5,1,0
366,10.0,0.32,0.59,2.2,0.077,3.0,15.0,0.9994,3.2,0.78,9.6,5,1,0
367,8.6,0.645,0.25,2.0,0.083,8.0,28.0,0.99815,3.28,0.6,10.0,6,1,0
368,7.1,0.39,0.12,2.1,0.065,14.0,24.0,0.9925200000000001,3.3,0.53,13.3,6,1,0
369,7.0,0.655,0.16,2.1,0.07400000000000001,8.0,25.0,0.9960600000000001,3.37,0.55,9.7,5,1,0
370,10.3,0.27,0.24,2.1,0.07200000000000001,15.0,33.0,0.9956,3.22,0.66,12.8,6,1,0
371,7.0,0.69,0.07,2.5,0.091,15.0,21.0,0.99572,3.38,0.6,11.3,6,1,0
372,8.5,0.34,0.4,4.7,0.055,3.0,9.0,0.9973799999999999,3.38,0.66,11.6,7,1,1
373,10.4,0.43,0.5,2.3,0.068,13.0,19.0,0.996,3.1,0.87,11.4,6,1,0
374,12.5,0.46,0.63,2.0,0.071,6.0,15.0,0.9988,2.99,0.87,10.2,5,1,0
375,8.8,0.3,0.38,2.3,0.06,19.0,72.0,0.9954299999999999,3.39,0.72,11.8,6,1,0
376,8.3,0.85,0.14,2.5,0.09300000000000001,13.0,54.0,0.99724,3.36,0.54,10.1,5,1,0
377,5.2,0.49,0.26,2.3,0.09,23.0,74.0,0.9953,3.71,0.62,12.2,6,1,0
378,7.9,0.34,0.36,1.9,0.065,5.0,10.0,0.99419,3.27,0.54,11.2,7,1,1
379,8.9,0.5,0.21,2.2,0.08800000000000001,21.0,39.0,0.99692,3.33,0.83,11.1,6,1,0
380,10.4,0.41,0.55,3.2,0.076,22.0,54.0,0.9996,3.15,0.89,9.9,6,1,0
381,9.1,0.21,0.37,1.6,0.067,6.0,10.0,0.9955200000000001,3.23,0.58,11.1,7,1,1
382,6.8,0.64,0.03,2.3,0.075,14.0,31.0,0.99545,3.36,0.58,10.4,6,1,0
383,8.0,0.58,0.16,2.0,0.12,3.0,7.0,0.99454,3.22,0.58,11.2,6,1,0
384,12.7,0.6,0.49,2.8,0.075,5.0,19.0,0.9994,3.14,0.57,11.4,5,1,0
385,6.2,0.56,0.09,1.7,0.053,24.0,32.0,0.9940200000000001,3.54,0.6,11.3,5,1,0
386,7.8,0.56,0.19,2.0,0.081,17.0,108.0,0.9962,3.32,0.54,9.5,5,1,0
387,7.9,0.69,0.21,2.1,0.08,33.0,141.0,0.9962,3.25,0.51,9.9,5,1,0
388,7.8,0.545,0.12,2.5,0.068,11.0,35.0,0.996,3.34,0.61,11.6,6,1,0
389,12.2,0.48,0.54,2.6,0.085,19.0,64.0,1.0,3.1,0.61,10.5,6,1,0
390,12.0,0.28,0.49,1.9,0.07400000000000001,10.0,21.0,0.9976,2.98,0.66,9.9,7,1,1
391,9.5,0.735,0.1,2.1,0.079,6.0,31.0,0.9986,3.23,0.56,10.1,6,1,0
392,6.0,0.5,0.04,2.2,0.092,13.0,26.0,0.9964700000000001,3.46,0.47,10.0,5,1,0
393,7.1,0.46,0.14,2.8,0.076,15.0,37.0,0.99624,3.36,0.49,10.7,5,1,0
394,9.6,0.42,0.35,2.1,0.083,17.0,38.0,0.9962200000000001,3.23,0.66,11.1,6,1,0
395,7.9,0.29,0.49,2.2,0.096,21.0,59.0,0.9971399999999999,3.31,0.67,10.1,6,1,0
396,7.5,0.61,0.26,1.9,0.073,24.0,88.0,0.9961200000000001,3.3,0.53,9.8,5,1,0
397,12.6,0.38,0.66,2.6,0.08800000000000001,10.0,41.0,1.001,3.17,0.68,9.8,6,1,0
398,11.6,0.42,0.53,3.3,0.105,33.0,98.0,1.001,3.2,0.95,9.2,5,1,0
399,7.1,0.27,0.6,2.1,0.07400000000000001,17.0,25.0,0.9981399999999999,3.38,0.72,10.6,6,1,0
400,12.3,0.5,0.49,2.2,0.08900000000000001,5.0,14.0,1.0002,3.19,0.44,9.6,5,1,0
401,6.9,0.58,0.2,1.75,0.057999999999999996,8.0,22.0,0.9932200000000001,3.38,0.49,11.7,5,1,0
402,6.5,0.88,0.03,5.6,0.079,23.0,47.0,0.99572,3.58,0.5,11.2,4,1,0
403,8.0,0.71,0.0,2.6,0.08,11.0,34.0,0.9976,3.44,0.53,9.5,5,1,0
404,7.3,0.58,0.3,2.4,0.07400000000000001,15.0,55.0,0.9968,3.46,0.59,10.2,5,1,0
405,6.6,0.64,0.31,6.1,0.083,7.0,49.0,0.99718,3.35,0.68,10.3,5,1,0
406,8.3,0.26,0.42,2.0,0.08,11.0,27.0,0.9974,3.21,0.8,9.4,6,1,0
407,9.1,0.765,0.04,1.6,0.078,4.0,14.0,0.998,3.29,0.54,9.7,4,1,0
408,7.5,0.61,0.2,1.7,0.076,36.0,60.0,0.9949399999999999,3.1,0.4,9.3,5,1,0
409,6.8,0.67,0.02,1.8,0.05,5.0,11.0,0.9962,3.48,0.52,9.5,5,1,0
410,7.8,0.41,0.68,1.7,0.467,18.0,69.0,0.9973,3.08,1.31,9.3,5,1,0
411,9.1,0.22,0.24,2.1,0.078,1.0,28.0,0.9990000000000001,3.41,0.87,10.3,6,1,0
412,8.7,0.625,0.16,2.0,0.10099999999999999,13.0,49.0,0.9962,3.14,0.57,11.0,5,1,0
413,7.6,0.685,0.23,2.3,0.111,20.0,84.0,0.9964,3.21,0.61,9.3,5,1,0
414,12.9,0.35,0.49,5.8,0.066,5.0,35.0,1.0014,3.2,0.66,12.0,7,1,1
415,7.8,0.5,0.3,1.9,0.075,8.0,22.0,0.9959,3.31,0.56,10.4,6,1,0
416,9.6,0.56,0.31,2.8,0.08900000000000001,15.0,46.0,0.9979,3.11,0.92,10.0,6,1,0
417,13.3,0.34,0.52,3.2,0.094,17.0,53.0,1.0014,3.05,0.81,9.5,6,1,0
418,10.7,0.46,0.39,2.0,0.061,7.0,15.0,0.9981,3.18,0.62,9.5,5,1,0
419,8.2,0.5,0.35,2.9,0.077,21.0,127.0,0.9976,3.23,0.62,9.4,5,1,0
420,9.9,0.54,0.45,2.3,0.071,16.0,40.0,0.9991,3.39,0.62,9.4,5,1,0
421,10.7,0.43,0.39,2.2,0.106,8.0,32.0,0.9986,2.89,0.5,9.6,5,1,0
422,6.3,1.02,0.0,2.0,0.083,17.0,24.0,0.9943700000000001,3.59,0.55,11.2,4,1,0
423,12.0,0.45,0.55,2.0,0.073,25.0,49.0,0.9997,3.1,0.76,10.3,6,1,0
424,7.8,0.5,0.12,1.8,0.17800000000000002,6.0,21.0,0.996,3.28,0.87,9.8,6,1,0
425,8.0,0.81,0.25,3.4,0.076,34.0,85.0,0.9966799999999999,3.19,0.42,9.2,5,1,0
426,5.6,0.54,0.04,1.7,0.049,5.0,13.0,0.9942,3.72,0.58,11.4,5,1,0
427,8.6,0.37,0.65,6.4,0.08,3.0,8.0,0.9981700000000001,3.27,0.58,11.0,5,1,0
428,7.4,0.66,0.0,1.8,0.075,13.0,40.0,0.9978,3.51,0.56,9.4,5,1,0
429,7.2,0.34,0.32,2.5,0.09,43.0,113.0,0.9966,3.32,0.79,11.1,5,1,0
430,7.2,0.67,0.0,2.2,0.068,10.0,24.0,0.9956,3.42,0.72,11.1,6,1,0
431,6.9,0.63,0.02,1.9,0.078,18.0,30.0,0.9971200000000001,3.4,0.75,9.8,5,1,0
432,6.7,0.48,0.08,2.1,0.064,18.0,34.0,0.9955200000000001,3.33,0.64,9.7,5,1,0
433,10.3,0.44,0.5,4.5,0.107,5.0,13.0,0.998,3.28,0.83,11.5,5,1,0
434,6.1,0.58,0.23,2.5,0.044000000000000004,16.0,70.0,0.9935200000000001,3.46,0.65,12.5,6,1,0
435,6.8,0.36,0.32,1.8,0.067,4.0,8.0,0.9928,3.36,0.55,12.8,7,1,1
436,13.4,0.27,0.62,2.6,0.08199999999999999,6.0,21.0,1.0002,3.16,0.67,9.7,6,1,0
437,9.1,0.5,0.3,1.9,0.065,8.0,17.0,0.99774,3.32,0.71,10.5,6,1,0
438,7.7,0.58,0.1,1.8,0.102,28.0,109.0,0.99565,3.08,0.49,9.8,6,1,0
439,7.0,0.43,0.02,1.9,0.08,15.0,28.0,0.99492,3.35,0.81,10.6,6,1,0
440,7.1,0.59,0.0,2.2,0.078,26.0,44.0,0.9952200000000001,3.42,0.68,10.8,6,1,0
441,7.3,0.67,0.26,1.8,0.401,16.0,51.0,0.9969,3.16,1.14,9.4,5,1,0
442,7.1,0.31,0.3,2.2,0.053,36.0,127.0,0.9965,2.94,1.62,9.5,5,1,0
443,8.3,0.26,0.37,1.4,0.076,8.0,23.0,0.9974,3.26,0.7,9.6,6,1,0
444,7.4,0.62,0.05,1.9,0.068,24.0,42.0,0.9961,3.42,0.57,11.5,6,1,0
445,7.0,0.43,0.36,1.6,0.08900000000000001,14.0,37.0,0.99615,3.34,0.56,9.2,6,1,0
446,7.6,0.95,0.03,2.0,0.09,7.0,20.0,0.9959,3.2,0.56,9.6,5,1,0
447,8.0,0.48,0.34,2.2,0.073,16.0,25.0,0.9936,3.28,0.66,12.4,6,1,0
448,6.4,0.37,0.25,1.9,0.07400000000000001,21.0,49.0,0.9974,3.57,0.62,9.8,6,1,0
449,7.0,0.51,0.09,2.1,0.062,4.0,9.0,0.99584,3.35,0.54,10.5,5,1,0
450,11.7,0.49,0.49,2.2,0.083,5.0,15.0,1.0,3.19,0.43,9.2,5,1,0
451,5.5,0.49,0.03,1.8,0.044000000000000004,28.0,87.0,0.9908,3.5,0.82,14.0,8,1,1
452,6.6,0.84,0.03,2.3,0.059000000000000004,32.0,48.0,0.9952,3.52,0.56,12.3,7,1,1
453,11.4,0.6,0.49,2.7,0.085,10.0,41.0,0.9994,3.15,0.63,10.5,6,1,0
454,6.4,0.4,0.23,1.6,0.066,5.0,12.0,0.9958,3.34,0.56,9.2,5,1,0
455,7.5,0.49,0.19,1.9,0.076,10.0,44.0,0.9957,3.39,0.54,9.7,5,1,0
456,10.9,0.32,0.52,1.8,0.132,17.0,44.0,0.99734,3.28,0.77,11.5,6,1,0
457,8.2,0.26,0.34,2.5,0.073,16.0,47.0,0.9959399999999999,3.4,0.78,11.3,7,1,1
458,7.4,0.41,0.24,1.8,0.066,18.0,47.0,0.9956,3.37,0.62,10.4,5,1,0
459,8.4,0.65,0.6,2.1,0.11199999999999999,12.0,90.0,0.9973,3.2,0.52,9.2,5,1,0
460,9.4,0.685,0.11,2.7,0.077,6.0,31.0,0.9984,3.19,0.7,10.1,6,1,0
461,15.5,0.645,0.49,4.2,0.095,10.0,23.0,1.00315,2.92,0.74,11.1,5,1,0
462,6.6,0.61,0.01,1.9,0.08,8.0,25.0,0.99746,3.69,0.73,10.5,5,1,0
463,9.9,0.54,0.45,2.3,0.071,16.0,40.0,0.9991,3.39,0.62,9.4,5,1,0
464,6.1,0.34,0.25,1.8,0.084,4.0,28.0,0.99464,3.36,0.44,10.1,5,1,0
465,11.6,0.32,0.55,2.8,0.081,35.0,67.0,1.0002,3.32,0.92,10.8,7,1,1
466,10.7,0.52,0.38,2.6,0.066,29.0,56.0,0.99577,3.15,0.79,12.1,7,1,1
467,9.1,0.52,0.33,1.3,0.07,9.0,30.0,0.9978,3.24,0.6,9.3,5,1,0
468,8.3,0.42,0.38,2.5,0.094,24.0,60.0,0.9979,3.31,0.7,10.8,6,1,0
469,9.8,1.24,0.34,2.0,0.079,32.0,151.0,0.998,3.15,0.53,9.5,5,1,0
470,9.3,0.39,0.44,2.1,0.107,34.0,125.0,0.9978,3.14,1.22,9.5,5,1,0
471,5.3,0.47,0.11,2.2,0.048,16.0,89.0,0.99182,3.54,0.88,13.56666667,7,1,1
472,7.1,0.67,0.0,2.3,0.083,18.0,27.0,0.9976799999999999,3.44,0.54,9.4,5,1,0
473,8.3,0.31,0.39,2.4,0.078,17.0,43.0,0.99444,3.31,0.77,12.5,7,1,1
474,7.1,0.46,0.2,1.9,0.077,28.0,54.0,0.9956,3.37,0.64,10.4,6,1,0
475,7.8,0.6,0.26,2.0,0.08,31.0,131.0,0.9962200000000001,3.21,0.52,9.9,5,1,0
476,9.1,0.68,0.11,2.8,0.09300000000000001,11.0,44.0,0.9988799999999999,3.31,0.55,9.5,6,1,0
477,8.7,0.69,0.31,3.0,0.086,23.0,81.0,1.0002,3.48,0.74,11.6,6,1,0
478,9.9,0.44,0.46,2.2,0.091,10.0,41.0,0.9963799999999999,3.18,0.69,11.9,6,1,0
479,8.2,0.34,0.38,2.5,0.08,12.0,57.0,0.9978,3.3,0.47,9.0,6,1,0
480,9.3,0.36,0.39,1.5,0.08,41.0,55.0,0.9965200000000001,3.47,0.73,10.9,6,1,0
481,10.4,0.24,0.49,1.8,0.075,6.0,20.0,0.9977,3.18,1.06,11.0,6,1,0
482,6.0,0.5,0.0,1.4,0.057,15.0,26.0,0.9944799999999999,3.36,0.45,9.5,5,1,0
483,10.0,0.56,0.24,2.2,0.079,19.0,58.0,0.9991,3.18,0.56,10.1,6,1,0
484,7.6,0.735,0.02,2.5,0.071,10.0,14.0,0.9953799999999999,3.51,0.71,11.7,7,1,1
485,7.5,0.58,0.2,2.0,0.073,34.0,44.0,0.9949399999999999,3.1,0.43,9.3,5,1,0
486,6.7,0.46,0.24,1.7,0.077,18.0,34.0,0.9948,3.39,0.6,10.6,6,1,0
487,10.3,0.27,0.56,1.4,0.047,3.0,8.0,0.99471,3.16,0.51,11.8,6,1,0
488,6.3,0.98,0.01,2.0,0.057,15.0,33.0,0.9948799999999999,3.6,0.46,11.2,6,1,0
489,10.7,0.43,0.39,2.2,0.106,8.0,32.0,0.9986,2.89,0.5,9.6,5,1,0
490,8.1,0.72,0.09,2.8,0.084,18.0,49.0,0.9994,3.43,0.72,11.1,6,1,0
491,9.0,0.36,0.52,2.1,0.111,5.0,10.0,0.9956799999999999,3.31,0.62,11.3,6,1,0
492,11.5,0.45,0.5,3.0,0.078,19.0,47.0,1.0003,3.26,1.11,11.0,6,1,0
493,6.9,0.57,0.0,2.8,0.081,21.0,41.0,0.99518,3.41,0.52,10.8,5,1,0
494,7.8,0.56,0.12,2.0,0.08199999999999999,7.0,28.0,0.997,3.37,0.5,9.4,6,1,0
495,9.0,0.48,0.32,2.8,0.084,21.0,122.0,0.9984,3.32,0.62,9.4,5,1,0
496,7.9,0.51,0.25,2.9,0.077,21.0,45.0,0.9974,3.49,0.96,12.1,6,1,0
497,6.8,0.785,0.0,2.4,0.10400000000000001,14.0,30.0,0.9966,3.52,0.55,10.7,6,1,0
498,9.7,0.69,0.32,2.5,0.08800000000000001,22.0,91.0,0.9979,3.29,0.62,10.1,5,1,0
499,8.2,0.23,0.42,1.9,0.069,9.0,17.0,0.9937600000000001,3.21,0.54,12.3,6,1,0
500,6.7,0.34,0.4,2.1,0.033,34.0,111.0,0.98924,2.97,0.48,12.2,7,0,1
501,9.2,0.35,0.39,0.9,0.042,15.0,61.0,0.9924,2.96,0.28,10.4,4,0,0
502,8.0,0.33,0.35,10.0,0.035,22.0,108.0,0.9945700000000001,3.12,0.36,11.6,6,0,0
503,7.0,0.11,0.32,4.6,0.057,59.0,144.0,0.9956,3.55,0.44,9.4,7,0,1
504,6.4,0.34,0.2,14.9,0.06,37.0,162.0,0.9983,3.13,0.45,9.0,4,0,0
505,6.2,0.21,0.26,13.1,0.05,59.0,150.0,0.99772,3.31,0.46,9.0,5,0,0
506,5.2,0.38,0.26,7.7,0.053,20.0,103.0,0.9925,3.27,0.45,12.2,6,0,0
507,6.4,0.24,0.49,5.8,0.053,25.0,120.0,0.9942,3.01,0.98,10.5,6,0,0
508,6.0,0.24,0.27,1.9,0.048,40.0,170.0,0.9938,3.64,0.54,10.0,7,0,1
509,6.4,0.18,0.74,11.9,0.046,54.0,168.0,0.9978,3.58,0.68,10.1,5,0,0
510,6.4,0.31,0.53,8.8,0.057,36.0,221.0,0.9964200000000001,3.17,0.44,9.1,5,0,0
511,6.4,0.32,0.31,1.9,0.037000000000000005,34.0,126.0,0.99,3.06,0.45,11.8,6,0,0
512,5.9,0.19,0.26,7.4,0.034,33.0,123.0,0.995,3.49,0.42,10.1,6,0,0
513,6.4,0.35,0.51,7.8,0.055,53.0,177.0,0.9950200000000001,3.12,0.45,9.6,5,0,0
514,6.5,0.26,0.74,13.3,0.044000000000000004,68.0,224.0,0.9972,3.18,0.54,9.5,6,0,0
515,8.8,0.39,0.34,5.9,0.055,33.0,128.0,0.9927,2.95,0.51,11.8,6,0,0
516,6.6,0.31,0.49,7.7,0.05,52.0,220.0,0.9964,3.12,0.45,8.8,5,0,0
517,6.2,0.24,0.28,12.2,0.049,54.0,133.0,0.9952,3.19,0.37,10.7,6,0,0
518,6.6,0.2,0.14,4.4,0.184,35.0,168.0,0.9939600000000001,2.93,0.45,9.4,6,0,0
519,6.7,0.17,0.5,2.1,0.043,27.0,122.0,0.9923,3.15,0.45,10.3,6,0,0
520,7.1,0.39,0.3,9.9,0.037000000000000005,29.0,124.0,0.9941399999999999,3.07,0.42,10.9,6,0,0
521,7.1,0.16,0.25,1.3,0.034,28.0,123.0,0.9915,3.27,0.55,11.4,6,0,0
522,6.2,0.33,0.19,5.6,0.042,22.0,143.0,0.99425,3.15,0.63,9.9,5,0,0
523,5.0,0.31,0.0,6.4,0.046,43.0,166.0,0.9940000000000001,3.3,0.63,9.9,6,0,0
524,7.2,0.18,0.41,1.2,0.048,41.0,97.0,0.9919,3.14,0.45,10.4,5,0,0
525,7.0,0.14,0.41,0.9,0.037000000000000005,22.0,95.0,0.9914,3.25,0.43,10.9,6,0,0
526,7.6,0.27,0.33,2.0,0.059000000000000004,19.0,175.0,0.9944,3.22,0.56,9.9,5,0,0
527,7.1,0.12,0.3,3.1,0.018000000000000002,15.0,37.0,0.9900399999999999,3.02,0.52,11.9,7,0,1
528,6.3,0.29,0.4,6.5,0.039,43.0,167.0,0.9953,3.15,0.44,9.3,6,0,0
529,5.7,0.37,0.3,1.1,0.028999999999999998,24.0,88.0,0.9888299999999999,3.18,0.39,11.7,6,0,0
530,7.0,0.55,0.05,8.0,0.036000000000000004,19.0,164.0,0.99269,3.26,0.46,12.2,6,0,0
531,6.7,0.26,0.39,6.4,0.171,64.0,200.0,0.9956200000000001,3.19,0.38,9.4,6,0,0
532,6.3,0.39,0.22,2.8,0.048,53.0,173.0,0.9930399999999999,3.24,0.45,9.8,5,0,0
533,7.3,0.25,0.26,7.2,0.048,52.0,207.0,0.99587,3.12,0.37,9.2,5,0,0
534,5.7,0.255,0.65,1.2,0.079,17.0,137.0,0.9930700000000001,3.2,0.42,9.4,5,0,0
535,6.8,0.25,0.38,8.1,0.046,24.0,155.0,0.9956,3.33,0.59,10.2,6,0,0
536,6.6,0.23,0.18,8.5,0.044000000000000004,59.0,188.0,0.9955799999999999,3.16,0.49,9.5,5,0,0
537,10.2,0.44,0.88,6.2,0.049,20.0,124.0,0.9968,2.99,0.51,9.9,4,0,0
538,6.9,0.23,0.24,14.2,0.053,19.0,94.0,0.9982,3.17,0.5,9.6,5,0,0
539,6.6,0.28,0.42,8.2,0.044000000000000004,60.0,196.0,0.9956200000000001,3.14,0.48,9.4,5,0,0
540,8.2,0.68,0.3,2.1,0.047,17.0,138.0,0.995,3.22,0.71,10.8,4,0,0
541,6.9,0.33,0.28,1.3,0.051,37.0,187.0,0.9927,3.27,0.6,10.3,5,0,0
542,6.9,0.38,0.28,8.3,0.062,22.0,166.0,0.9950600000000001,3.16,0.72,10.6,5,0,0
543,9.3,0.31,0.49,1.3,0.042,34.0,147.0,0.9948,3.11,0.46,9.8,5,0,0
544,6.9,0.33,0.31,4.2,0.04,21.0,93.0,0.9896,3.18,0.48,13.4,7,0,1
545,7.7,0.3,0.34,1.2,0.048,4.0,119.0,0.9908399999999999,3.18,0.34,12.1,6,0,0
546,5.6,0.19,0.26,1.4,0.03,12.0,76.0,0.9905,3.25,0.37,10.9,7,0,1
547,6.9,0.4,0.37,8.9,0.053,36.0,148.0,0.996,3.16,0.5,9.3,5,0,0
548,6.4,0.15,0.36,1.8,0.034,43.0,150.0,0.9922,3.42,0.69,11.0,8,0,1
549,7.8,0.34,0.35,1.8,0.042,8.0,167.0,0.9908,3.11,0.41,12.1,6,0,0
550,5.7,0.32,0.5,2.6,0.049,17.0,155.0,0.9927,3.22,0.64,10.0,6,0,0
551,7.4,0.36,0.23,1.9,0.017,31.0,69.0,0.9892,2.93,0.36,12.5,6,0,0
552,6.6,0.35,0.26,2.7,0.045,19.0,129.0,0.9895200000000001,3.24,0.48,13.0,7,0,1
553,7.2,0.24,0.27,11.4,0.034,40.0,174.0,0.9977299999999999,3.2,0.44,9.0,5,0,0
554,7.0,0.15,0.28,14.7,0.051,29.0,149.0,0.99792,2.96,0.39,9.0,7,0,1
555,7.3,0.33,0.4,6.85,0.038,32.0,138.0,0.992,3.03,0.3,11.9,7,0,1
556,6.2,0.28,0.28,4.3,0.026000000000000002,22.0,105.0,0.9890000000000001,2.98,0.64,13.1,8,0,1
557,6.5,0.19,0.26,5.2,0.04,31.0,140.0,0.995,3.26,0.68,9.5,6,0,0
558,7.7,0.3,0.42,14.3,0.045,45.0,213.0,0.9991,3.18,0.63,9.2,5,0,0
559,7.0,0.33,0.78,9.9,0.042,21.0,251.0,0.99435,3.01,0.55,11.0,6,0,0
560,5.6,0.28,0.4,6.1,0.034,36.0,118.0,0.99144,3.21,0.43,12.1,7,0,1
561,7.7,0.24,0.29,15.3,0.044000000000000004,39.0,194.0,0.9982,3.06,0.47,9.6,7,0,1
562,6.1,0.28,0.25,17.75,0.044000000000000004,48.0,161.0,0.9993,3.34,0.48,9.5,5,0,0
563,7.1,0.31,0.17,1.0,0.042,21.0,144.0,0.9930399999999999,3.13,0.4,9.6,5,0,0
564,6.5,0.36,0.49,2.9,0.03,16.0,94.0,0.9902,3.1,0.49,12.1,7,0,1
565,6.1,0.36,0.58,15.0,0.044000000000000004,42.0,115.0,0.9978,3.15,0.51,9.0,5,0,0
566,7.1,0.18,0.49,1.3,0.033,12.0,72.0,0.99072,3.05,0.53,11.3,7,0,1
567,6.1,0.3,0.32,2.2,0.042,41.0,142.0,0.9895200000000001,3.31,0.44,12.7,7,0,1
568,6.8,0.43,0.3,3.5,0.033,27.0,135.0,0.9906,3.0,0.37,12.0,6,0,0
569,5.3,0.4,0.25,3.9,0.031,45.0,130.0,0.99072,3.31,0.58,11.75,7,0,1
570,6.8,0.26,0.44,8.2,0.046,52.0,183.0,0.99584,3.2,0.51,9.4,5,0,0
571,7.6,0.36,0.49,11.3,0.046,87.0,221.0,0.9984,3.01,0.43,9.2,5,0,0
572,7.3,0.145,0.33,1.1,0.042,14.0,64.0,0.9901200000000001,3.1,0.37,11.8,7,0,1
573,6.8,0.21,0.49,14.5,0.06,50.0,170.0,0.9991,3.55,0.44,9.8,6,0,0
574,6.2,0.22,0.28,2.2,0.04,24.0,125.0,0.9917,3.19,0.48,10.5,6,0,0
575,6.0,0.26,0.34,1.3,0.046,6.0,29.0,0.9924,3.29,0.63,10.4,5,0,0
576,6.0,0.29,0.41,10.8,0.048,55.0,149.0,0.9937,3.09,0.59,11.0,7,0,1
577,7.6,0.27,0.29,2.5,0.059000000000000004,37.0,115.0,0.9932799999999999,3.09,0.37,9.8,5,0,0
578,6.6,0.22,0.53,15.1,0.052000000000000005,22.0,136.0,0.9986,2.94,0.35,9.4,5,0,0
579,7.2,0.29,0.18,8.2,0.042,41.0,180.0,0.99644,3.16,0.49,9.1,5,0,0
580,7.5,0.16,0.38,12.7,0.043,70.5,163.0,0.9970600000000001,3.15,0.82,10.4,7,0,1
581,6.2,0.3,0.17,2.8,0.04,24.0,125.0,0.9939,3.01,0.46,9.0,5,0,0
582,6.7,0.36,0.28,8.3,0.034,29.0,81.0,0.99151,2.96,0.39,12.5,6,0,0
583,7.4,0.28,0.5,12.1,0.049,48.0,122.0,0.9973,3.01,0.44,9.0,5,0,0
584,5.6,0.15,0.31,5.3,0.038,8.0,79.0,0.9923,3.3,0.39,10.5,6,0,0
585,6.7,0.45,0.3,5.3,0.036000000000000004,27.0,165.0,0.9912200000000001,3.12,0.46,12.2,6,0,0
586,6.1,0.24,0.27,9.8,0.062,33.0,152.0,0.9966,3.31,0.47,9.5,6,0,0
587,6.3,0.22,0.34,1.2,0.036000000000000004,32.0,96.0,0.98961,3.06,0.74,11.6,6,0,0
588,6.3,0.37,0.28,6.3,0.034,45.0,152.0,0.9921,3.29,0.46,11.6,7,0,1
589,7.1,0.29,0.49,1.2,0.031,32.0,99.0,0.9893,3.07,0.33,12.2,6,0,0
590,6.2,0.36,0.14,8.9,0.036000000000000004,38.0,155.0,0.9962200000000001,3.27,0.5,9.4,5,0,0
591,8.7,0.3,0.34,4.8,0.018000000000000002,23.0,127.0,0.99474,3.12,0.49,11.2,7,0,1
592,11.8,0.23,0.38,11.1,0.034,15.0,123.0,0.9997,2.93,0.55,9.7,3,0,0
593,7.2,0.27,0.31,1.2,0.031,27.0,80.0,0.98892,3.03,0.33,12.7,6,0,0
594,6.7,0.22,0.39,10.2,0.038,60.0,149.0,0.99725,3.17,0.54,10.0,7,0,1
595,6.6,0.22,0.37,1.2,0.059000000000000004,45.0,199.0,0.993,3.37,0.55,10.3,7,0,1
596,6.0,0.31,0.24,3.3,0.040999999999999995,25.0,143.0,0.9914,3.31,0.44,11.3,6,0,0
597,7.1,0.31,0.5,14.5,0.059000000000000004,6.0,148.0,0.9983,2.94,0.44,9.1,5,0,0
598,7.6,0.445,0.44,14.5,0.045,68.0,212.0,0.9986,3.48,0.36,10.0,6,0,0
599,9.2,0.71,0.23,6.2,0.042,15.0,93.0,0.9948,2.89,0.34,10.1,6,0,0
600,6.1,0.29,0.27,1.7,0.024,13.0,76.0,0.9893,3.21,0.51,12.6,7,0,1
601,6.4,0.105,0.29,1.1,0.035,44.0,140.0,0.9914200000000001,3.17,0.55,10.7,7,0,1
602,6.5,0.17,0.31,1.5,0.040999999999999995,34.0,121.0,0.99092,3.06,0.46,10.5,6,0,0
603,6.5,0.16,0.33,1.0,0.027000000000000003,23.0,75.0,0.9908,3.3,0.39,11.4,7,0,1
604,5.0,0.35,0.25,7.8,0.031,24.0,116.0,0.99241,3.39,0.4,11.3,6,0,0
605,6.2,0.22,0.28,2.2,0.04,24.0,125.0,0.9917,3.19,0.48,10.5,6,0,0
606,6.4,0.22,0.34,1.8,0.057,29.0,104.0,0.9959,3.81,0.57,10.3,6,0,0
607,7.1,0.44,0.27,8.4,0.057,60.0,160.0,0.9925700000000001,3.16,0.36,11.8,6,0,0
608,5.1,0.305,0.13,1.75,0.036000000000000004,17.0,73.0,0.99,3.4,0.51,12.33333333,5,0,0
609,6.9,0.34,0.74,11.2,0.069,44.0,150.0,0.9968,3.0,0.81,9.2,5,0,0
610,7.8,0.21,0.34,11.9,0.039,55.0,140.0,0.9959,3.02,0.31,10.3,6,0,0
611,7.0,0.24,0.3,4.2,0.04,41.0,213.0,0.9927,3.28,0.49,11.8,6,0,0
612,6.9,0.49,0.24,1.2,0.049,13.0,125.0,0.9932,3.17,0.51,9.4,5,0,0
613,5.2,0.44,0.04,1.4,0.036000000000000004,43.0,119.0,0.9894,3.36,0.33,12.1,8,0,1
614,6.0,0.17,0.29,9.7,0.044000000000000004,33.0,98.0,0.99536,3.12,0.36,9.2,6,0,0
615,6.5,0.27,0.19,4.2,0.046,6.0,114.0,0.9955,3.25,0.35,8.6,4,0,0
616,7.3,0.27,0.39,6.7,0.064,28.0,188.0,0.9958,3.29,0.3,9.7,5,0,0
617,6.7,0.31,0.18,7.7,0.043,57.0,200.0,0.99566,3.17,0.44,9.4,6,0,0
618,6.1,0.34,0.21,5.0,0.042,17.0,133.0,0.9937299999999999,3.02,0.53,9.4,5,0,0
619,6.6,0.4,0.32,1.7,0.035,39.0,84.0,0.9909600000000001,3.59,0.48,12.7,7,0,1
620,7.3,0.18,0.29,1.0,0.036000000000000004,26.0,101.0,0.99,3.09,0.37,11.7,6,0,0
621,6.6,0.26,0.46,6.9,0.047,59.0,183.0,0.9959399999999999,3.2,0.45,9.3,5,0,0
622,6.7,0.29,0.49,4.7,0.034,35.0,156.0,0.9945,3.13,0.45,9.9,6,0,0
623,6.8,0.27,0.3,13.0,0.047,69.0,160.0,0.99705,3.16,0.5,9.6,6,0,0
624,7.4,0.28,0.42,19.8,0.066,53.0,195.0,1.0,2.96,0.44,9.1,5,0,0
625,5.7,0.21,0.25,1.1,0.035,26.0,81.0,0.9902,3.31,0.52,11.4,6,0,0
626,6.4,0.22,0.32,12.0,0.066,57.0,158.0,0.9992,3.6,0.43,9.0,6,0,0
627,6.9,0.54,0.26,12.7,0.049,59.0,195.0,0.9959600000000001,3.26,0.54,10.5,6,0,0
628,7.9,0.26,0.41,15.15,0.04,38.0,216.0,0.9976,2.96,0.6,10.0,6,0,0
629,6.6,0.39,0.28,9.2,0.036000000000000004,10.0,92.0,0.99206,3.07,0.35,12.1,6,0,0
630,6.8,0.34,0.27,5.2,0.06,14.0,169.0,0.9925200000000001,3.27,0.57,11.6,6,0,0
631,7.0,0.32,0.29,4.9,0.036000000000000004,41.0,150.0,0.9916799999999999,3.38,0.43,12.2,6,0,0
632,5.7,0.22,0.22,16.65,0.044000000000000004,39.0,110.0,0.99855,3.24,0.48,9.0,6,0,0
633,6.3,0.28,0.22,9.5,0.04,30.0,111.0,0.9933799999999999,3.05,0.31,10.8,4,0,0
634,6.0,0.14,0.17,5.6,0.036000000000000004,37.0,127.0,0.9937299999999999,3.05,0.57,9.8,6,0,0
635,5.9,0.21,0.31,1.8,0.033,45.0,142.0,0.9898399999999999,3.35,0.5,12.7,6,0,0
636,5.8,0.17,0.34,1.8,0.045,96.0,170.0,0.99035,3.38,0.9,11.8,8,0,1
637,7.6,0.27,0.29,2.5,0.059000000000000004,37.0,115.0,0.9932799999999999,3.09,0.37,9.8,5,0,0
638,5.0,0.33,0.23,11.8,0.03,23.0,158.0,0.9932200000000001,3.41,0.64,11.8,6,0,0
639,5.7,0.33,0.32,1.4,0.043,28.0,93.0,0.9897,3.31,0.5,12.3,6,0,0
640,9.2,0.23,0.3,1.1,0.031,40.0,99.0,0.9929,2.94,0.3,10.4,6,0,0
641,7.4,0.16,0.3,1.4,0.064,34.0,166.0,0.99136,3.11,0.42,11.43333333,6,0,0
642,8.2,0.61,0.45,5.4,0.03,15.0,118.0,0.9954,3.14,0.34,9.6,5,0,0
643,6.2,0.23,0.36,17.2,0.039,37.0,130.0,0.99946,3.23,0.43,8.8,6,0,0
644,6.6,0.16,0.3,1.6,0.034,15.0,78.0,0.992,3.38,0.44,11.2,6,0,0
645,6.5,0.27,0.26,8.2,0.042,21.0,133.0,0.9961200000000001,3.43,0.64,9.8,6,0,0
646,7.4,0.24,0.4,4.3,0.032,9.0,95.0,0.992,3.09,0.39,11.1,6,0,0
647,6.8,0.26,0.56,11.9,0.043,64.0,226.0,0.997,3.02,0.63,9.3,5,0,0
648,7.8,0.49,0.49,7.0,0.043,29.0,149.0,0.9952,3.21,0.33,10.0,5,0,0
649,6.2,0.34,0.28,7.5,0.034,40.0,197.0,0.99485,3.14,0.6,9.7,5,0,0
650,6.4,0.26,0.21,8.2,0.05,51.0,182.0,0.9954200000000001,3.23,0.48,9.5,5,0,0
651,8.3,0.36,0.57,15.0,0.052000000000000005,35.0,256.0,1.0001,2.93,0.64,8.6,5,0,0
652,7.0,0.27,0.32,6.8,0.047,47.0,193.0,0.9938,3.23,0.39,11.4,6,0,0
653,6.7,0.18,0.25,14.3,0.048,79.0,149.0,0.9975,3.12,0.37,9.7,5,0,0
654,6.2,0.34,0.25,12.1,0.059000000000000004,33.0,171.0,0.99769,3.14,0.56,8.7,6,0,0
655,7.1,0.28,0.31,1.5,0.053,20.0,98.0,0.99069,3.15,0.5,11.4,5,0,0
656,7.2,0.16,0.49,1.3,0.037000000000000005,27.0,104.0,0.9924,3.23,0.57,10.6,6,0,0
657,6.5,0.29,0.25,2.5,0.142,8.0,111.0,0.9927,3.0,0.44,9.9,4,0,0
658,6.4,0.26,0.22,5.1,0.037000000000000005,23.0,131.0,0.9944,3.29,0.32,10.1,5,0,0
659,7.0,0.13,0.37,12.85,0.042,36.0,105.0,0.9958100000000001,3.05,0.55,10.7,6,0,0
660,7.3,0.26,0.49,5.0,0.027999999999999997,32.0,107.0,0.9936,3.24,0.54,10.8,6,0,0
661,6.0,0.2,0.25,2.0,0.040999999999999995,30.0,95.0,0.9907799999999999,3.27,0.56,11.1,6,0,0
662,6.6,0.22,0.29,14.4,0.046,39.0,118.0,0.99834,3.05,0.5,9.1,6,0,0
663,8.0,0.32,0.36,4.6,0.042,56.0,178.0,0.9928,3.29,0.47,12.0,6,0,0
664,7.3,0.2,0.44,1.4,0.045,21.0,98.0,0.9924,3.15,0.46,10.0,7,0,1
665,6.1,0.27,0.31,1.5,0.035,17.0,83.0,0.9907600000000001,3.32,0.44,11.1,7,0,1
666,6.7,0.19,0.41,15.6,0.055999999999999994,75.0,155.0,0.9995,3.2,0.44,8.8,6,0,0
667,7.1,0.43,0.3,6.6,0.025,15.0,138.0,0.99126,3.18,0.46,12.6,6,0,0
668,6.9,0.23,0.34,4.0,0.047,24.0,128.0,0.9944,3.2,0.52,9.7,6,0,0
669,6.5,0.19,0.3,0.8,0.043,33.0,144.0,0.9936,3.42,0.39,9.1,6,0,0
670,9.8,0.42,0.48,9.85,0.034,5.0,110.0,0.9958,2.87,0.29,10.0,5,0,0
671,6.2,0.24,0.22,7.9,0.053,45.0,149.0,0.99545,3.23,0.52,9.3,5,0,0
672,6.5,0.13,0.37,1.0,0.036000000000000004,48.0,114.0,0.9911,3.41,0.51,11.5,8,0,1
673,6.3,0.22,0.3,2.0,0.05,23.0,120.0,0.9920399999999999,3.24,0.47,10.4,6,0,0
674,5.3,0.3,0.16,4.2,0.028999999999999998,37.0,100.0,0.9905,3.3,0.36,11.8,8,0,1
675,6.5,0.25,0.32,9.9,0.045,41.0,128.0,0.99636,3.18,0.52,9.6,6,0,0
676,5.1,0.29,0.28,8.3,0.026000000000000002,27.0,107.0,0.99308,3.36,0.37,11.0,6,0,0
677,6.3,0.305,0.22,16.0,0.061,26.0,141.0,0.99824,3.08,0.5,9.1,5,0,0
678,6.2,0.3,0.31,1.2,0.048,19.0,125.0,0.9899899999999999,3.32,0.54,12.6,6,0,0
679,6.8,0.37,0.28,4.0,0.03,29.0,79.0,0.99,3.23,0.46,12.4,7,0,1
680,7.4,0.21,0.27,1.2,0.040999999999999995,27.0,99.0,0.9927,3.19,0.33,9.8,6,0,0
681,6.3,0.22,0.43,4.55,0.038,31.0,130.0,0.9918,3.35,0.33,11.5,7,0,1
682,8.0,0.25,0.26,14.0,0.043,41.0,248.0,0.9986,3.03,0.57,8.7,6,0,0
683,7.6,0.23,0.64,12.9,0.033,54.0,170.0,0.998,3.0,0.53,8.8,5,0,0
684,7.2,0.39,0.63,11.0,0.044000000000000004,55.0,156.0,0.9974,3.09,0.44,8.7,6,0,0
685,7.8,0.32,0.33,2.4,0.037000000000000005,18.0,101.0,0.9912,3.21,0.65,11.7,7,0,1
686,6.3,0.33,0.2,17.9,0.066,36.0,161.0,0.9991,3.14,0.51,8.8,5,0,0
687,6.4,0.28,0.41,6.8,0.045,61.0,216.0,0.9952,3.09,0.46,9.4,5,0,0
688,6.7,0.19,0.34,1.0,0.022000000000000002,22.0,94.0,0.9912,3.23,0.57,11.1,6,0,0
689,8.5,0.16,0.33,1.0,0.076,17.0,57.0,0.9921,3.14,0.46,10.6,6,0,0
690,6.9,0.3,0.36,4.5,0.054000000000000006,31.0,203.0,0.99513,3.4,0.57,10.4,4,0,0
691,7.2,0.21,1.0,1.1,0.154,46.0,114.0,0.9931,2.95,0.43,9.2,6,0,0
692,7.9,0.345,0.51,15.3,0.047,54.0,171.0,0.9987,3.09,0.51,9.1,5,0,0
693,6.0,0.22,0.28,1.1,0.034,47.0,90.0,0.98862,3.22,0.38,12.6,6,0,0
694,7.6,0.27,0.34,5.0,0.04,18.0,56.0,0.9908399999999999,3.06,0.48,12.4,6,0,0
695,7.0,0.19,0.23,5.7,0.12300000000000001,27.0,104.0,0.9954,3.04,0.54,9.4,6,0,0
696,6.3,0.34,0.29,6.2,0.046,29.0,227.0,0.9952,3.29,0.53,10.1,6,0,0
697,7.0,0.19,0.23,5.7,0.12300000000000001,27.0,104.0,0.9954,3.04,0.54,9.4,6,0,0
698,7.5,0.2,0.41,1.2,0.05,26.0,131.0,0.9913299999999999,3.19,0.52,11.1,5,0,0
699,6.0,0.27,0.4,1.7,0.021,18.0,82.0,0.9891,3.24,0.95,13.13333333,6,0,0
700,6.5,0.22,0.19,4.5,0.096,16.0,115.0,0.9937,3.02,0.44,9.6,5,0,0
701,5.0,0.61,0.12,1.3,0.009000000000000001,65.0,100.0,0.9874,3.26,0.37,13.5,5,0,0
702,7.7,0.32,0.62,10.6,0.036000000000000004,56.0,153.0,0.9978,3.13,0.44,8.9,6,0,0
703,7.1,0.39,0.79,1.4,0.19399999999999998,23.0,90.0,0.9921200000000001,3.17,0.46,10.5,6,0,0
704,7.0,0.35,0.3,6.5,0.027999999999999997,27.0,87.0,0.9936,3.4,0.42,11.4,7,0,1
705,6.9,0.19,0.33,1.6,0.043,63.0,149.0,0.9925,3.44,0.52,10.8,5,0,0
706,7.0,0.23,0.28,2.7,0.053,16.0,92.0,0.99372,3.18,0.56,9.3,5,0,0
707,7.2,0.23,0.19,13.7,0.052000000000000005,47.0,197.0,0.99865,3.12,0.53,9.0,5,0,0
708,6.3,0.21,0.29,11.7,0.048,49.0,147.0,0.99482,3.22,0.38,10.8,5,0,0
709,5.8,0.27,0.2,14.95,0.044000000000000004,22.0,179.0,0.9962,3.37,0.37,10.2,5,0,0
710,6.8,0.14,0.18,1.4,0.047,30.0,90.0,0.99164,3.27,0.54,11.2,6,0,0
711,6.8,0.26,0.26,2.0,0.019,23.5,72.0,0.99041,3.16,0.47,11.8,6,0,0
712,7.1,0.21,0.31,3.8,0.021,40.0,142.0,0.99215,3.17,0.39,10.8,7,0,1
713,7.5,0.27,0.36,7.0,0.036000000000000004,45.0,164.0,0.9939,3.03,0.33,11.0,5,0,0
714,7.6,0.3,0.27,10.6,0.039,31.0,119.0,0.99815,3.27,0.3,9.3,6,0,0
715,6.4,0.25,0.74,7.8,0.045,52.0,209.0,0.9956,3.21,0.42,9.2,6,0,0
716,6.8,0.18,0.28,9.8,0.039,29.0,113.0,0.99406,3.11,0.45,10.9,7,0,1
717,6.6,0.18,0.26,17.3,0.051,17.0,149.0,0.9984,3.0,0.43,9.4,6,0,0
718,6.9,0.19,0.35,13.5,0.038,49.0,118.0,0.99546,3.0,0.63,10.7,6,0,0
719,6.9,0.4,0.3,10.6,0.033,24.0,87.0,0.99265,3.15,0.45,12.8,6,0,0
720,7.4,0.21,0.27,7.3,0.031,41.0,144.0,0.9932,3.15,0.38,11.8,7,0,1
721,6.7,0.26,0.39,1.1,0.04,45.0,147.0,0.9935,3.32,0.58,9.6,8,0,1
722,7.2,0.25,0.19,8.0,0.044000000000000004,51.0,172.0,0.9964,3.16,0.44,9.2,5,0,0
723,5.8,0.21,0.32,1.6,0.045,38.0,95.0,0.98946,3.23,0.94,12.4,8,0,1
724,7.5,0.22,0.33,6.7,0.036000000000000004,45.0,138.0,0.9939,3.2,0.68,11.4,6,0,0
725,5.6,0.205,0.16,12.55,0.051,31.0,115.0,0.99564,3.4,0.38,10.8,6,0,0
726,6.2,0.27,0.32,8.8,0.047,65.0,224.0,0.9961,3.17,0.47,8.9,5,0,0
727,5.6,0.28,0.27,3.9,0.043,52.0,158.0,0.9920200000000001,3.35,0.44,10.7,7,0,1
728,9.2,0.34,0.27,1.2,0.026000000000000002,17.0,73.0,0.9921,3.08,0.39,10.8,5,0,0
729,7.2,0.24,0.36,2.0,0.028999999999999998,21.0,63.0,0.9907600000000001,3.13,0.63,12.5,6,0,0
730,5.1,0.21,0.28,1.4,0.047,48.0,148.0,0.9916799999999999,3.5,0.49,10.4,5,0,0
731,6.9,0.3,0.25,3.3,0.040999999999999995,26.0,124.0,0.9942799999999999,3.18,0.5,9.3,6,0,0
732,5.8,0.29,0.33,3.7,0.028999999999999998,30.0,88.0,0.9899399999999999,3.25,0.42,12.3,6,0,0
733,7.8,0.28,0.32,9.0,0.036000000000000004,34.0,115.0,0.9952,3.17,0.39,10.3,7,0,1
734,6.1,0.24,0.26,1.7,0.033,61.0,134.0,0.9903,3.19,0.81,11.9,7,0,1
735,8.4,0.16,0.33,1.5,0.033,16.0,98.0,0.9940000000000001,3.14,0.42,9.7,6,0,0
736,6.2,0.41,0.22,1.9,0.023,5.0,56.0,0.9892799999999999,3.04,0.79,13.0,7,0,1
737,6.9,0.2,0.34,1.9,0.043,25.0,136.0,0.9935,3.31,0.6,10.1,4,0,0
738,6.8,0.22,0.35,5.5,0.043,21.0,114.0,0.9938,3.3,0.53,10.7,7,0,1
739,8.1,0.27,0.41,1.45,0.033,11.0,63.0,0.9908,2.99,0.56,12.0,5,0,0
740,6.6,0.29,0.44,9.0,0.053,62.0,178.0,0.99685,3.02,0.45,8.9,5,0,0
741,6.6,0.43,0.24,11.9,0.04,54.0,159.0,0.9962200000000001,3.14,0.54,9.8,6,0,0
742,6.0,0.45,0.65,9.7,0.08,11.0,159.0,0.9956,3.04,0.48,9.4,5,0,0
743,6.5,0.23,0.36,16.3,0.038,43.0,133.0,0.99924,3.26,0.41,8.8,5,0,0
744,7.6,0.3,0.37,1.6,0.087,27.0,177.0,0.9943799999999999,3.09,0.5,9.8,5,0,0
745,6.2,0.38,0.18,7.4,0.095,28.0,195.0,0.9977299999999999,3.53,0.71,9.2,4,0,0
746,7.3,0.24,0.39,17.95,0.057,45.0,149.0,0.9999,3.21,0.36,8.6,5,0,0
747,6.3,0.26,0.42,7.1,0.045,62.0,209.0,0.99544,3.2,0.53,9.5,6,0,0
748,7.2,0.32,0.4,8.7,0.038,45.0,154.0,0.9956799999999999,3.2,0.47,10.4,6,0,0
749,7.7,0.27,0.61,12.0,0.046,64.0,179.0,0.9982,3.07,0.46,8.9,5,0,0
750,6.7,0.23,0.42,11.2,0.047,52.0,171.0,0.9975799999999999,3.54,0.74,10.4,5,0,0
751,7.4,0.28,0.25,11.9,0.053,25.0,148.0,0.9976,3.1,0.62,9.2,5,0,0
752,7.8,0.26,0.31,3.6,0.025,22.0,100.0,0.99066,2.99,0.47,12.1,7,0,1
753,6.0,0.18,0.31,1.4,0.036000000000000004,14.0,75.0,0.99085,3.34,0.58,11.1,8,0,1
754,6.8,0.26,0.22,4.8,0.040999999999999995,110.0,198.0,0.9943700000000001,3.29,0.67,10.6,5,0,0
755,6.8,0.31,0.3,8.0,0.027999999999999997,33.0,122.0,0.99164,3.13,0.63,12.6,7,0,1
756,8.4,0.32,0.35,11.7,0.028999999999999998,3.0,46.0,0.99439,3.02,0.34,11.8,6,0,0
757,6.3,0.22,0.27,4.5,0.036000000000000004,81.0,157.0,0.9928,3.05,0.76,10.7,7,0,1
758,7.9,0.36,0.53,12.9,0.049,63.0,139.0,0.99792,2.94,0.45,9.1,5,0,0
759,5.7,0.2,0.24,13.8,0.047,44.0,112.0,0.9983700000000001,2.97,0.66,8.8,6,0,0
760,6.3,0.3,0.19,7.7,0.049,47.0,184.0,0.9951399999999999,3.22,0.48,9.5,5,0,0
761,7.0,0.35,0.31,1.8,0.069,15.0,162.0,0.9944,3.18,0.47,9.4,5,0,0
762,6.3,0.26,0.25,7.8,0.057999999999999996,44.0,166.0,0.9961,3.24,0.41,9.0,5,0,0
763,6.3,0.29,0.14,7.05,0.045,50.0,177.0,0.99564,3.23,0.42,9.0,5,0,0
764,5.8,0.25,0.28,11.1,0.055999999999999994,45.0,175.0,0.99755,3.42,0.43,9.5,5,0,0
765,6.4,0.29,0.3,2.9,0.036000000000000004,25.0,79.0,0.9903700000000001,3.29,0.6,12.4,7,0,1
766,6.2,0.31,0.21,6.3,0.040999999999999995,50.0,218.0,0.9941,3.15,0.6,10.0,5,0,0
767,6.9,0.41,0.33,10.1,0.043,28.0,152.0,0.9968,3.2,0.52,9.4,5,0,0
768,7.0,0.15,0.3,13.3,0.049,46.0,120.0,0.9970399999999999,3.2,0.36,9.5,7,0,1
769,6.7,0.28,0.34,8.9,0.048,32.0,111.0,0.99455,3.25,0.54,11.0,7,0,1
770,5.2,0.24,0.45,3.8,0.027000000000000003,21.0,128.0,0.992,3.55,0.49,11.2,8,0,1
771,7.3,0.13,0.27,4.6,0.08,34.0,172.0,0.9938,3.23,0.39,11.1,7,0,1
772,5.4,0.24,0.18,2.3,0.05,22.0,145.0,0.9920700000000001,3.24,0.46,10.3,5,0,0
773,8.1,0.29,0.49,7.1,0.042,22.0,124.0,0.9944,3.14,0.41,10.8,6,0,0
774,6.4,0.23,0.35,4.6,0.039,43.0,147.0,0.99216,3.18,0.4,11.0,7,0,1
775,8.4,0.17,0.31,6.7,0.038,29.0,132.0,0.9945,3.1,0.32,10.6,7,0,1
776,6.6,0.24,0.24,8.6,0.034,25.0,135.0,0.99582,3.33,0.59,10.3,6,0,0
777,5.8,0.3,0.38,4.9,0.039,22.0,86.0,0.9896299999999999,3.23,0.58,13.1,7,0,1
778,6.9,0.25,0.26,5.2,0.024,36.0,135.0,0.9948,3.16,0.72,10.7,7,0,1
779,7.0,0.28,0.33,14.6,0.043,47.0,168.0,0.9994,3.34,0.67,8.8,6,0,0
780,6.2,0.3,0.17,2.8,0.04,24.0,125.0,0.9939,3.01,0.46,9.0,5,0,0
781,6.1,0.33,0.3,3.0,0.036000000000000004,30.0,124.0,0.9892200000000001,3.31,0.4,13.1,7,0,1
782,7.2,0.23,0.39,14.2,0.057999999999999996,49.0,192.0,0.9979,2.98,0.48,9.0,7,0,1
783,8.1,0.26,0.37,1.9,0.07200000000000001,48.0,159.0,0.9949,3.37,0.7,10.9,6,0,0
784,7.1,0.21,0.4,1.2,0.069,24.0,156.0,0.9928,3.42,0.43,10.6,6,0,0
785,6.7,0.12,0.36,2.3,0.039,43.0,125.0,0.99229,3.07,0.67,10.1,7,0,1
786,6.6,0.22,0.28,4.9,0.042,51.0,180.0,0.9952,3.3,0.75,9.5,6,0,0
787,7.2,0.27,0.28,15.2,0.046,6.0,41.0,0.99665,3.17,0.39,10.9,6,0,0
788,8.0,0.26,0.28,8.2,0.038,72.0,202.0,0.99566,3.12,0.56,10.0,6,0,0
789,6.2,0.21,0.34,6.6,0.03,36.0,91.0,0.9914,3.32,0.45,12.5,7,0,1
790,6.6,0.23,0.32,0.9,0.040999999999999995,25.0,79.0,0.9926,3.39,0.54,10.2,7,0,1
791,6.7,0.25,0.74,19.4,0.054000000000000006,44.0,169.0,1.0004,3.51,0.45,9.8,6,0,0
792,7.5,0.18,0.31,6.5,0.028999999999999998,53.0,160.0,0.9927600000000001,3.03,0.38,10.9,6,0,0
793,6.8,0.2,0.28,12.6,0.048,54.0,136.0,0.99556,3.19,0.37,10.7,6,0,0
794,6.3,0.35,0.3,5.7,0.035,8.0,97.0,0.9927,3.27,0.41,11.0,7,0,1
795,6.3,0.34,0.33,4.6,0.034,19.0,80.0,0.9917,3.38,0.58,12.0,7,0,1
796,6.0,0.37,0.32,1.0,0.053,31.0,218.5,0.9924,3.29,0.72,9.8,6,0,0
797,6.2,0.21,0.29,1.6,0.039,24.0,92.0,0.9911399999999999,3.27,0.5,11.2,6,0,0
798,6.1,0.28,0.24,19.95,0.07400000000000001,32.0,174.0,0.9992200000000001,3.19,0.44,9.3,6,0,0
799,6.9,0.24,0.37,6.1,0.027000000000000003,38.0,112.0,0.9908600000000001,3.19,0.34,12.4,6,0,0
800,7.1,0.43,0.61,11.8,0.045,54.0,155.0,0.9974,3.11,0.45,8.7,5,0,0
801,6.3,0.16,0.4,1.6,0.033,59.0,148.0,0.9914,3.44,0.53,11.4,5,0,0
802,6.4,0.27,0.49,7.3,0.046,53.0,206.0,0.9956,3.24,0.43,9.2,6,0,0
803,5.8,0.28,0.66,9.1,0.039,26.0,159.0,0.9965,3.66,0.55,10.8,5,0,0
804,7.4,0.56,0.09,1.5,0.071,19.0,117.0,0.9949600000000001,3.22,0.53,9.8,5,0,0
805,7.8,0.3,0.74,1.8,0.033,33.0,156.0,0.991,3.29,0.52,12.8,6,0,0
806,6.3,0.19,0.32,2.8,0.046,18.0,80.0,0.9904299999999999,2.92,0.47,11.05,6,0,0
807,6.4,0.22,0.38,9.1,0.044000000000000004,35.0,127.0,0.99326,2.97,0.3,11.0,7,0,1
808,6.2,0.21,0.28,5.7,0.027999999999999997,45.0,121.0,0.9916799999999999,3.21,1.08,12.15,7,0,1
809,5.6,0.245,0.25,9.7,0.032,12.0,68.0,0.9940000000000001,3.31,0.34,10.5,5,0,0
810,6.2,0.35,0.2,18.1,0.069,33.0,158.0,0.99908,3.15,0.5,8.8,6,0,0
811,6.4,0.22,0.32,7.9,0.028999999999999998,34.0,124.0,0.9948,3.4,0.39,10.2,5,0,0
812,7.9,0.14,0.28,1.8,0.040999999999999995,44.0,178.0,0.9954,3.45,0.43,9.2,6,0,0
813,7.4,0.2,0.28,9.1,0.047,29.0,95.0,0.9953200000000001,3.16,0.47,9.8,7,0,1
814,6.4,0.32,0.23,16.2,0.055,36.0,176.0,0.9986,3.26,0.54,9.1,5,0,0
815,6.4,0.29,0.21,9.65,0.040999999999999995,36.0,119.0,0.99334,2.99,0.34,10.93333333,6,0,0
816,8.8,0.28,0.45,6.0,0.022000000000000002,14.0,49.0,0.9934,3.01,0.33,11.1,7,0,1
817,6.5,0.26,0.34,16.3,0.051,56.0,197.0,1.0004,3.49,0.42,9.8,5,0,0
818,6.3,0.17,0.23,5.7,0.048,44.0,147.0,0.99382,3.08,0.54,10.0,5,0,0
819,4.8,0.26,0.23,10.6,0.034,23.0,111.0,0.99274,3.46,0.28,11.5,7,0,1
820,8.4,0.58,0.27,12.15,0.033,37.0,116.0,0.9959,2.99,0.39,10.8,6,0,0
821,7.6,0.51,0.24,1.2,0.04,10.0,104.0,0.992,3.05,0.29,10.8,6,0,0
822,7.5,0.27,0.31,5.8,0.057,131.0,313.0,0.9946,3.18,0.59,10.5,5,0,0
823,7.3,0.36,0.62,7.1,0.033,48.0,185.0,0.99472,3.14,0.62,10.6,6,0,0
824,6.0,0.35,0.46,0.9,0.033,9.0,65.0,0.98934,3.24,0.35,12.1,4,0,0
825,6.8,0.32,0.32,8.7,0.028999999999999998,31.0,105.0,0.99146,3.0,0.34,12.3,7,0,1
826,5.9,0.34,0.3,3.8,0.035,57.0,135.0,0.99016,3.09,0.34,12.0,6,0,0
827,6.8,0.28,0.17,13.9,0.047,49.0,162.0,0.9983,3.21,0.51,9.0,6,0,0
828,6.2,0.16,0.33,1.1,0.057,21.0,82.0,0.991,3.32,0.46,10.9,7,0,1
829,6.8,0.27,0.49,1.2,0.044000000000000004,35.0,126.0,0.99,3.13,0.48,12.1,7,0,1
830,7.6,0.48,0.33,7.0,0.024,14.0,130.0,0.9918,3.25,0.45,12.5,7,0,1
831,7.1,0.2,0.27,9.6,0.037000000000000005,19.0,105.0,0.99444,3.04,0.37,10.5,7,0,1
832,6.6,0.24,0.3,13.0,0.052000000000000005,18.0,143.0,0.99825,3.37,0.49,9.4,6,0,0
833,6.5,0.08,0.33,1.9,0.027999999999999997,23.0,93.0,0.991,3.34,0.7,12.0,7,0,1
834,6.4,0.25,0.74,7.8,0.045,52.0,209.0,0.9956,3.21,0.42,9.2,6,0,0
835,6.6,0.32,0.24,1.3,0.06,42.5,204.0,0.9951200000000001,3.59,0.51,9.2,5,0,0
836,7.3,0.3,0.25,2.5,0.045,32.0,122.0,0.99329,3.18,0.54,10.3,5,0,0
837,6.3,0.24,0.29,1.6,0.052000000000000005,48.0,185.0,0.9934,3.21,0.5,9.4,5,0,0
838,6.6,0.26,0.56,15.4,0.053,32.0,141.0,0.9981,3.11,0.49,9.3,5,0,0
839,6.7,0.18,0.28,10.2,0.039,29.0,115.0,0.99469,3.11,0.45,10.9,7,0,1
840,6.7,0.24,0.41,9.4,0.04,49.0,166.0,0.9954,3.12,0.61,9.9,6,0,0
841,5.8,0.2,0.34,1.0,0.035,40.0,86.0,0.98993,3.5,0.42,11.7,5,0,0
842,6.9,0.2,0.36,1.5,0.031,38.0,147.0,0.9931,3.35,0.56,11.0,6,0,0
843,7.4,0.28,0.3,5.3,0.054000000000000006,44.0,161.0,0.9941,3.12,0.48,10.3,6,0,0
844,6.7,0.2,0.24,6.5,0.044000000000000004,28.0,100.0,0.9934799999999999,3.12,0.33,10.2,6,0,0
845,7.3,0.25,0.36,2.1,0.034,30.0,177.0,0.99085,3.25,0.4,11.9,8,0,1
846,7.3,0.22,0.31,2.3,0.018000000000000002,45.0,80.0,0.98936,3.06,0.34,12.9,7,0,1
847,7.0,0.18,0.37,1.5,0.043,16.0,104.0,0.99216,3.18,0.5,10.8,5,0,0
848,6.5,0.15,0.32,1.3,0.036000000000000004,19.0,76.0,0.98964,3.18,0.41,12.3,6,0,0
849,6.1,0.6,0.0,1.3,0.042,24.0,79.0,0.9937,3.31,0.38,9.4,4,0,0
850,6.4,0.3,0.16,7.5,0.05,55.0,191.0,0.9959,3.17,0.49,9.0,5,0,0
851,7.7,0.28,0.35,15.3,0.055999999999999994,31.0,117.0,0.9998,3.27,0.5,9.6,5,0,0
852,6.0,0.38,0.26,3.5,0.035,38.0,111.0,0.98872,3.18,0.47,13.6,7,0,1
853,6.0,0.1,0.24,1.1,0.040999999999999995,15.0,65.0,0.9927,3.61,0.61,10.3,7,0,1
854,6.4,0.15,0.29,1.8,0.044000000000000004,21.0,115.0,0.99166,3.1,0.38,10.2,5,0,0
855,7.4,0.33,0.26,15.6,0.049,67.0,210.0,0.9990700000000001,3.06,0.68,9.5,5,0,0
856,5.0,0.33,0.16,1.5,0.049,10.0,97.0,0.9917,3.48,0.44,10.7,6,0,0
857,7.0,0.21,0.31,6.0,0.046,29.0,108.0,0.9939,3.26,0.5,10.8,6,0,0
858,6.1,0.32,0.25,1.7,0.034,37.0,136.0,0.992,3.47,0.5,10.8,7,0,1
859,7.2,0.32,0.33,1.4,0.028999999999999998,29.0,109.0,0.9902,3.15,0.51,12.8,7,0,1
860,6.2,0.38,0.42,2.5,0.038,34.0,117.0,0.9913200000000001,3.36,0.59,11.6,7,0,1
861,6.4,0.33,0.31,5.5,0.048,42.0,173.0,0.9951,3.19,0.66,9.3,6,0,0
862,6.8,0.37,0.67,1.5,0.175,16.0,98.0,0.99244,3.06,0.56,10.3,6,0,0
863,7.5,0.28,0.78,12.1,0.040999999999999995,53.0,161.0,0.9983799999999999,2.98,0.44,8.7,5,0,0
864,6.3,0.27,0.38,0.9,0.051,7.0,140.0,0.9926,3.45,0.5,10.5,7,0,1
865,6.1,0.31,0.26,2.2,0.051,28.0,167.0,0.9926,3.37,0.47,10.4,6,0,0
866,9.2,0.18,0.49,1.5,0.040999999999999995,39.0,130.0,0.9945,3.04,0.49,9.8,7,0,1
867,6.8,0.23,0.29,15.4,0.073,56.0,173.0,0.9984,3.06,0.41,8.7,6,0,0
868,7.4,0.19,0.49,6.7,0.037000000000000005,15.0,110.0,0.9938,3.2,0.38,11.0,7,0,1
869,7.1,0.26,0.32,16.2,0.044000000000000004,31.0,170.0,0.99644,3.17,0.37,11.2,5,0,0
870,7.6,0.18,0.36,2.4,0.049,38.0,123.0,0.996,3.6,0.46,10.3,5,0,0
871,5.0,0.235,0.27,11.75,0.03,34.0,118.0,0.9954,3.07,0.5,9.4,6,0,0
872,7.1,0.44,0.37,2.7,0.040999999999999995,35.0,128.0,0.9896,3.07,0.43,13.5,7,0,1
873,7.9,0.27,0.27,1.7,0.034,25.0,122.0,0.9908799999999999,2.97,0.51,11.9,6,0,0
874,6.7,0.11,0.34,8.8,0.043,41.0,113.0,0.9962,3.42,0.4,9.3,7,0,1
875,7.6,0.52,0.49,14.0,0.034,37.0,156.0,0.9958,3.14,0.38,11.8,7,0,1
876,6.5,0.4,0.31,3.5,0.046,22.0,147.0,0.99024,3.15,0.31,12.0,7,0,1
877,6.7,0.18,0.31,10.6,0.035,42.0,143.0,0.99572,3.08,0.49,9.8,7,0,1
878,7.9,0.34,0.44,6.5,0.027000000000000003,47.0,126.0,0.99124,2.96,0.37,12.5,6,0,0
879,7.7,0.23,0.31,10.7,0.038,59.0,186.0,0.9969,3.12,0.55,9.5,6,0,0
880,6.9,0.19,0.33,1.6,0.039,27.0,98.0,0.9898,3.09,0.46,12.3,7,0,1
881,7.5,0.14,0.34,1.3,0.055,50.0,153.0,0.9945,3.29,0.8,9.6,6,0,0
882,6.7,0.33,0.49,1.6,0.16699999999999998,20.0,94.0,0.9914,3.11,0.5,11.4,6,0,0
883,8.6,0.33,0.34,11.8,0.059000000000000004,42.0,240.0,0.99882,3.17,0.52,10.0,6,0,0
884,6.7,0.2,0.24,6.5,0.044000000000000004,28.0,100.0,0.9934799999999999,3.12,0.33,10.2,6,0,0
885,3.8,0.31,0.02,11.1,0.036000000000000004,20.0,114.0,0.9924799999999999,3.75,0.44,12.4,6,0,0
886,6.0,0.22,0.33,12.2,0.033,25.0,97.0,0.99356,3.17,0.42,11.3,7,0,1
887,6.4,0.44,0.44,14.4,0.048,29.0,228.0,0.99955,3.26,0.54,8.8,7,0,1
888,7.2,0.26,0.44,7.1,0.027000000000000003,25.0,126.0,0.993,3.02,0.34,11.1,8,0,1
889,6.6,0.25,0.25,1.3,0.04,28.0,85.0,0.9898399999999999,2.87,0.48,11.2,6,0,0
890,5.5,0.18,0.22,5.5,0.037000000000000005,10.0,86.0,0.99156,3.46,0.44,12.2,5,0,0
891,8.9,0.34,0.34,1.6,0.055999999999999994,13.0,176.0,0.9946,3.14,0.47,9.7,5,0,0
892,8.6,0.16,0.38,3.4,0.04,41.0,143.0,0.9932,2.95,0.39,10.2,6,0,0
893,7.9,0.18,0.37,3.0,0.061,25.0,178.0,0.995,3.22,0.51,10.0,6,0,0
894,6.3,0.34,0.36,4.9,0.035,31.0,185.0,0.9946,3.15,0.49,9.7,5,0,0
895,7.0,0.22,0.26,9.2,0.027000000000000003,37.0,122.0,0.9922799999999999,3.06,0.34,12.5,8,0,1
896,6.8,0.15,0.41,12.9,0.044000000000000004,79.5,183.0,0.9974200000000001,3.24,0.78,10.2,6,0,0
897,6.4,0.29,0.32,2.4,0.013999999999999999,34.0,89.0,0.99008,3.24,0.66,12.5,7,0,1
898,5.1,0.11,0.32,1.6,0.027999999999999997,12.0,90.0,0.99008,3.57,0.52,12.2,6,0,0
899,6.8,0.2,0.36,1.6,0.027999999999999997,7.0,46.0,0.99175,3.21,0.6,10.9,6,0,0
900,7.5,0.33,0.36,2.6,0.051,26.0,126.0,0.99097,3.32,0.53,12.7,6,0,0
901,6.1,0.28,0.24,19.95,0.07400000000000001,32.0,174.0,0.9992200000000001,3.19,0.44,9.3,6,0,0
902,7.7,0.27,0.34,1.8,0.027999999999999997,26.0,168.0,0.9911,2.99,0.48,12.1,7,0,1
903,5.8,0.26,0.3,2.6,0.034,75.0,129.0,0.9902,3.2,0.38,11.5,4,0,0
904,6.1,0.38,0.42,5.0,0.016,31.0,113.0,0.9900700000000001,3.15,0.31,12.4,7,0,1
905,7.8,0.18,0.46,13.6,0.052000000000000005,38.0,118.0,0.998,3.15,0.5,10.0,6,0,0
906,6.1,0.2,0.17,1.6,0.048,46.0,129.0,0.991,3.3,0.43,11.4,6,0,0
907,6.4,0.24,0.28,11.5,0.05,34.0,163.0,0.9969,3.31,0.45,9.5,5,0,0
908,5.8,0.32,0.31,2.7,0.049,25.0,153.0,0.99067,3.44,0.73,12.2,7,0,1
909,7.0,0.12,0.29,10.3,0.039,41.0,98.0,0.99564,3.19,0.38,9.8,8,0,1
910,7.1,0.36,0.28,2.4,0.036000000000000004,35.0,115.0,0.98936,3.19,0.44,13.5,7,0,1
911,6.5,0.24,0.29,8.2,0.043,32.0,156.0,0.9945299999999999,3.13,0.7,10.1,6,0,0
912,6.9,0.26,0.33,12.6,0.051,59.0,173.0,0.998,3.39,0.38,9.9,5,0,0
913,7.6,0.52,0.49,14.0,0.034,37.0,156.0,0.9958,3.14,0.38,11.8,7,0,1
914,8.6,0.485,0.29,4.1,0.026000000000000002,19.0,101.0,0.9918,3.01,0.38,12.4,5,0,0
915,6.4,0.15,0.4,1.5,0.042,23.0,87.0,0.98972,3.11,0.46,12.2,7,0,1
916,6.9,0.19,0.4,1.4,0.036000000000000004,14.0,55.0,0.9909,3.08,0.68,11.5,7,0,1
917,7.5,0.28,0.39,10.2,0.045,59.0,209.0,0.9972,3.16,0.63,9.6,6,0,0
918,8.5,0.19,0.48,1.1,0.026000000000000002,23.0,58.0,0.9918399999999999,2.9,0.5,10.5,6,0,0
919,6.2,0.3,0.32,1.2,0.052000000000000005,32.0,185.0,0.99266,3.28,0.44,10.1,5,0,0
920,6.8,0.26,0.43,11.75,0.045,53.0,198.0,0.9969,3.26,0.55,9.5,5,0,0
921,7.4,0.26,0.31,2.4,0.043,58.0,178.0,0.9941,3.42,0.68,10.6,6,0,0
922,5.8,0.555,0.26,4.5,0.053,17.0,126.0,0.9943,3.24,0.46,9.1,5,0,0
923,6.8,0.2,0.25,6.2,0.052000000000000005,22.0,106.0,0.9935,3.09,0.54,10.8,5,0,0
924,7.3,0.24,0.34,15.4,0.05,38.0,174.0,0.9983,3.03,0.42,9.0,6,0,0
925,7.0,0.16,0.26,7.3,0.047,30.0,220.0,0.9962200000000001,3.38,0.58,10.1,6,0,0
926,6.4,0.24,0.26,8.2,0.054000000000000006,47.0,182.0,0.9953799999999999,3.12,0.5,9.5,5,0,0
927,6.7,0.26,0.26,4.0,0.079,35.5,216.0,0.9956,3.31,0.68,9.5,5,0,0
928,5.6,0.175,0.29,0.8,0.043,20.0,67.0,0.9911200000000001,3.28,0.48,9.9,6,0,0
929,7.2,0.18,0.45,4.4,0.046,57.0,166.0,0.9943,3.13,0.62,11.2,6,0,0
930,6.5,0.36,0.31,4.1,0.061,20.0,134.0,0.99475,3.18,0.45,9.0,6,0,0
931,6.4,0.22,0.34,1.4,0.023,56.0,115.0,0.9895799999999999,3.18,0.7,11.7,6,0,0
932,7.3,0.27,0.37,9.7,0.042,36.0,130.0,0.9979,3.48,0.75,9.9,6,0,0
933,7.2,0.24,0.3,1.6,0.048,27.0,131.0,0.9933,3.25,0.45,10.5,5,0,0
934,6.3,0.34,0.52,6.3,0.047,63.0,186.0,0.9948100000000001,3.18,0.44,9.6,5,0,0
935,6.7,0.16,0.36,2.0,0.045,24.0,131.0,0.99284,3.3,0.59,10.5,6,0,0
936,6.1,0.38,0.2,6.6,0.033,25.0,137.0,0.9938,3.3,0.69,10.4,6,0,0
937,6.4,0.31,0.28,2.5,0.039,34.0,137.0,0.98946,3.22,0.38,12.7,6,0,0
938,6.3,0.28,0.24,8.45,0.031,32.0,172.0,0.9958,3.39,0.57,9.7,7,0,1
939,7.0,0.22,0.26,9.2,0.027000000000000003,37.0,122.0,0.9922799999999999,3.06,0.34,12.5,8,0,1
940,6.0,0.2,0.71,1.6,0.15,10.0,54.0,0.9927,3.12,0.47,9.8,5,0,0
941,6.6,0.085,0.33,1.4,0.036000000000000004,17.0,109.0,0.99306,3.27,0.61,9.5,6,0,0
942,6.8,0.45,0.28,26.05,0.031,27.0,122.0,1.00295,3.06,0.42,10.6,6,0,0
943,5.8,0.13,0.26,5.1,0.039,19.0,103.0,0.9947799999999999,3.36,0.47,9.3,6,0,0
944,5.8,0.17,0.34,1.8,0.045,96.0,170.0,0.99035,3.38,0.9,11.8,8,0,1
945,6.4,0.13,0.47,1.6,0.092,40.0,158.0,0.9928,3.21,0.36,9.8,6,0,0
946,7.3,0.2,0.26,1.6,0.04,36.0,123.0,0.9923799999999999,3.34,0.44,10.8,6,0,0
947,6.0,0.13,0.36,1.6,0.052000000000000005,23.0,72.0,0.98974,3.1,0.5,11.5,7,0,1
948,7.0,0.2,0.34,5.7,0.035,32.0,83.0,0.9928,3.19,0.46,11.5,6,0,0
949,7.4,0.19,0.3,12.8,0.053,48.5,212.0,0.9986,3.14,0.49,9.1,7,0,1
950,7.0,0.16,0.73,1.0,0.138,58.0,150.0,0.9936,3.08,0.3,9.2,5,0,0
951,6.4,0.29,0.21,9.65,0.040999999999999995,36.0,119.0,0.99334,2.99,0.34,10.93333333,6,0,0
952,6.5,0.28,0.27,5.2,0.04,44.0,179.0,0.9948,3.19,0.69,9.4,6,0,0
953,6.2,0.36,0.27,3.2,0.032,13.0,73.0,0.9894200000000001,2.9,0.69,12.6,7,0,1
954,5.9,0.19,0.37,0.8,0.027000000000000003,3.0,21.0,0.9897,3.09,0.31,10.8,5,0,0
955,7.0,0.28,0.39,8.7,0.051,32.0,141.0,0.9961,3.38,0.53,10.5,6,0,0
956,7.2,0.35,0.25,5.6,0.032,23.0,120.0,0.99334,2.93,0.66,10.3,7,0,1
957,6.0,0.34,0.66,15.9,0.046,26.0,164.0,0.9979,3.14,0.5,8.8,6,0,0
958,6.7,0.5,0.63,13.4,0.078,81.0,238.0,0.9988,3.08,0.44,9.2,5,0,0
959,6.6,0.33,0.31,1.3,0.02,29.0,89.0,0.99035,3.26,0.44,12.4,8,0,1
960,7.6,0.29,0.26,6.5,0.042,32.0,160.0,0.9944,3.14,0.47,10.7,5,0,0
961,6.8,0.18,0.3,12.8,0.062,19.0,171.0,0.99808,3.0,0.52,9.0,7,0,1
962,6.8,0.27,0.22,8.1,0.034,55.0,203.0,0.9961,3.19,0.52,8.9,5,0,0
963,6.8,0.22,0.35,17.5,0.039,38.0,153.0,0.9994,3.24,0.42,9.0,6,0,0
964,7.4,0.27,0.48,1.1,0.047,17.0,132.0,0.9914,3.19,0.49,11.6,6,0,0
965,7.4,0.155,0.34,2.3,0.045,73.5,214.0,0.9934,3.18,0.61,9.9,7,0,1
966,5.8,0.27,0.26,3.5,0.071,26.0,69.0,0.9899399999999999,3.1,0.38,11.5,6,0,0
967,7.2,0.34,0.44,4.2,0.047,51.0,144.0,0.991,3.01,0.76,12.3,6,0,0
968,9.8,0.36,0.45,1.6,0.042,11.0,124.0,0.9944,2.93,0.46,10.8,5,0,0
969,7.4,0.27,0.26,11.8,0.053,55.0,173.0,0.9969899999999999,3.11,0.6,9.8,5,0,0
970,6.6,0.34,0.24,3.3,0.034,29.0,99.0,0.99031,3.1,0.4,12.3,7,0,1
971,7.3,0.22,0.41,15.4,0.05,55.0,191.0,1.0,3.32,0.59,8.9,6,0,0
972,8.9,0.33,0.32,1.5,0.047,11.0,200.0,0.9954,3.19,0.46,9.4,5,0,0
973,8.0,0.23,0.46,1.5,0.03,30.0,125.0,0.9907,3.23,0.47,12.5,6,0,0
974,6.9,0.32,0.17,7.6,0.042,69.0,219.0,0.9959,3.13,0.4,8.9,5,0,0
975,7.5,0.28,0.33,7.7,0.048,42.0,180.0,0.9974,3.37,0.59,10.1,6,0,0
976,8.8,0.24,0.23,10.3,0.032,12.0,97.0,0.99571,3.13,0.4,10.7,6,0,0
977,7.0,0.24,0.35,1.0,0.032,42.0,104.0,0.98988,3.16,0.37,11.7,7,0,1
978,6.8,0.25,0.18,1.4,0.055999999999999994,13.0,137.0,0.9935,3.11,0.42,9.5,5,0,0
979,6.1,0.18,0.36,2.0,0.038,20.0,249.5,0.9923,3.37,0.79,11.3,6,0,0
980,6.6,0.23,0.24,3.9,0.045,36.0,138.0,0.9922,3.15,0.64,11.3,7,0,1
981,5.9,0.32,0.28,4.7,0.039,34.0,94.0,0.98964,3.22,0.57,13.1,7,0,1
982,9.8,0.16,0.46,1.8,0.046,23.0,130.0,0.99587,3.04,0.67,9.6,5,0,0
983,8.6,0.18,0.4,1.1,0.04,20.0,107.0,0.9923,2.94,0.32,10.2,7,0,1
984,7.3,0.17,0.36,8.2,0.027999999999999997,44.0,111.0,0.99272,3.14,0.41,12.4,6,0,0
985,8.0,0.25,0.27,9.7,0.036000000000000004,15.0,85.0,0.99406,2.99,0.36,11.2,6,0,0
986,6.4,0.28,0.44,7.1,0.048,49.0,179.0,0.9952799999999999,3.15,0.48,9.2,5,0,0
987,6.4,0.25,0.53,6.6,0.038,59.0,234.0,0.9955,3.03,0.42,8.8,5,0,0
988,6.8,0.19,0.34,1.9,0.04,41.0,108.0,0.99,3.25,0.45,12.9,6,0,0
989,6.7,0.15,0.38,1.7,0.037000000000000005,20.0,84.0,0.99046,3.09,0.53,11.4,6,0,0
990,6.8,0.475,0.33,3.95,0.047,16.0,81.0,0.98988,3.23,0.53,13.4,7,0,1
991,6.3,0.24,0.29,13.7,0.035,53.0,134.0,0.99567,3.17,0.38,10.6,6,0,0
992,7.8,0.25,0.41,3.7,0.042,37.0,149.0,0.9954,3.36,0.45,10.0,6,0,0
993,6.8,0.32,0.23,3.3,0.026000000000000002,31.0,99.0,0.9896,3.1,0.4,12.4,6,0,0
994,7.1,0.26,0.32,5.9,0.037000000000000005,39.0,97.0,0.9934,3.31,0.4,11.6,6,0,0
995,7.6,0.19,0.37,13.1,0.033,52.0,151.0,0.99726,3.18,0.79,10.4,6,0,0
996,5.5,0.62,0.33,1.7,0.037000000000000005,24.0,118.0,0.9875799999999999,3.15,0.39,13.55,6,0,0
997,7.1,0.39,0.39,11.1,0.034,25.0,204.0,0.99616,3.05,0.52,10.0,6,0,0
998,7.6,0.16,0.41,1.9,0.047,27.0,151.0,0.9937,3.2,0.53,10.1,6,0,0
999,6.7,0.36,0.26,7.9,0.034,39.0,123.0,0.99119,2.99,0.3,12.2,7,0,1
